,词语,次数
0,擦,7
1,华,4
2,妃,5
3,哈哈,1929
4,哈哈哈,1533
5,哈哈哈哈,1160
6,h,11
7,一个,39
8,熟人,2
9,吧,110
10,自古,10
11,红蓝,7
12,出,23
13,cp,5
14,啊,287
15,喂,3
16, ,191
17,太帅,5
18,古,27
19,娜拉,19
20,黑暗,22
21,之,41
22,神,36
23,呜呼,4
24,呼啦,4
25,黑,26
26,魔,10
27,变身,15
28,噗,10
29,笑,102
30,金,26
31,靖,16
32,客串,3
33,吗,136
34,没有,32
35,九粒,4
36,doge,31
37,潘,6
38,周,6
39,聃,4
40,前面,44
41,谁,42
42,说,45
43,气,9
44,纯,6
45,你,295
46,要,63
47,死,87
48,红,7
49,激光,2
50,以为,21
51,把,16
52,阿,109
53,泽,98
54,头,10
55,切,7
56,两半,2
57,这方,3
58,方言,4
59,猝不及防,6
60,不及,9
61,防,12
62,乌,4
63,漆,4
64,麻,8
65,！！！,57
66,,7
67,,3
68,自己,18
69,有,91
70,很,65
71,正,2
72,_,2
73,J,3
74,知,2
75,XD,2
76,经费,9
77,爆炸,4
78,你们,23
79,不要,30
80,再,12
81,打,28
82,啦,46
83,哇,29
84,哦,36
85,难道,6
86,是,394
87,情敌,12
88,够,5
89,hhhhh,3
90,朝,66
91,云,73
92,：（,2
93,委屈,2
94,可是,5
95,她,132
96,偷,4
97,伞,8
98,老婆,37
99,还,66
100,凶,3
101,具体,4
102,问题,11
103,具体分析,2
104,分析,2
105,王老吉,17
106,觉得,16
107,女妖,4
108,声音,7
109,可,18
110,啊啊啊,220
111,这个,125
112,姐姐,117
113,好,257
114,可爱,59
115,过来,7
116,别动,2
117,会,30
118,喔,4
119,”（,2
120,和蔼,2
121,微笑,4
122,卧槽,29
123,怎么,60
124,抿,2
125,唇,2
126,。。。,17
127,妖,48
128,搁,2
129,东北,6
130,北来,2
131,这,246
132,反派,8
133,真的,38
134,可以,43
135,能,29
136,灵性,3
137,有感,5
138,感觉,34
139,呀,36
140,表情,14
141,和,17
142,配音,9
143,妙,4
144,让,19
145,益,2
146,达,2
147,强大,2
148,照耀,2
149,光芒,2
150,！？,2
151,在,73
152,干什么,4
153,什么,91
154,他,39
155,那,37
156,魔仙,7
157,还以,7
158,美,32
159,瞳,4
160,掉,4
161,出来,18
162,修罗,14
163,修罗场,14
164,那个,36
165,看,99
166,对,52
167,呆子,8
168,不会,22
169,是不是,17
170,不是,59
171,嗅到,2
172,味道,6
173,聚聚,37
174,1,15
175,美的,2
176,下颚,2
177,线,7
178,呜呜,35
179,提,3
180,听成,3
181,三,11
182,吻,2
183,回忆,2
184,前,7
185,二条,2
186,啥,24
187,开,10
188,绯红,2
189,王,7
190,哇塞,10
191,第三,2
192,第三眼,2
193,三眼,2
194,………………,2
195,好家伙,20
196,家伙,22
197,直呼,5
198,妖精,5
199,就,83
200,收,12
201,给,51
202,不可,5
203,可能,11
204,外借,4
205,6154136155,2
206,纳,7
207,戒,8
208,里,9
209,多,22
210,只,10
211,怜香惜玉,3
212,眼睛,15
213,蛮,3
214,好看,117
215,诶,10
216,好像,25
217,缘分,7
218,一场,2
219,遥远,2
220,约定,3
221,指指,2
222,指指点点,2
223,指点,2
224,点点,5
225,好久,3
226,好久不见,2
227,不见,5
228,甚是,3
229,想念,3
230,好好,40
231,好好笑,8
232,好笑,8
233,比,41
234,野,8
235,hhhhhh,4
236,莫,4
237,辩,2
238,如,2
239,鲜肉,4
240,会心,2
241,心悸,7
242,慌神,2
243,嘛,26
244,哈哈笑,8
245,山东,2
246,老乡,2
247,小姐,14
248,小姐姐,14
249,好好看,17
250,特效,52
251,针,2
252,不,138
253,戳,6
254,又,27
255,抢,4
256,镜,3
257,火,8
258,高兴,5
259,霜,2
260,哀伤,2
261,憋,2
262,新,7
263,副本,3
264,咩,2
265,呼,2
266,一,42
267,听,9
268,那人,2
269,很熟,2
270,币,2
271,赞,14
272,来,68
273,起来,12
274,仙女,6
275,打架,2
276,真,28
277,帅气,3
278,无处,9
279,无处不在,9
280,不在,9
281,确实,11
282,实有,2
283,有点,57
284,有点像,17
285,nen,2
286,绝对,3
287,（？）,2
288,小钱,2
289,红衣,4
290,盲,6
291,猜,6
292,满分,3
293,哇哇,15
294,燃烧,4
295,现代,4
296,贪食,6
297,精,16
298,老,26
299,温柔,5
300,姐,15
301,假发,3
302,掉下来,3
303,下来,5
304,小,40
305,云云,20
306,豪华,2
307,O,4
308,(∩,2
309,_,2
310,∩),2
311,慌,3
312,太,54
313,61n61,2
314,挺到,2
315,到位,3
316,建模,2
317,催,5
318,更,11
319,气场,2
320,一整,3
321,整个,3
322,呆住,2
323,两个,7
324,小时,13
325,出息,4
326,丹,3
327,技术,2
328,指导,2
329,？？？,27
330,吉,175
331,帅,55
332,开朗,3
333,女,47
334,主,10
335,刘,3
336,诗,6
337,闪现,2
338,被,35
339,破防,7
340,吼,5
341,婧,5
342,大,41
343,boss,2
344,忍不住,5
345,不住,11
346,幻术,2
347,前任,2
348,,4
349,。。,8
350,电动,2
351,小野,2
352,野马,2
353,挑,3
354,眉,2
355,3,9
356,肉,2
357,太美,11
358,必须,3
359,早,6
360,,4
361,妈,10
362,也,126
363,想,50
364,吃,24
365,42,2
366,个,61
367,小伙,3
368,小伙伴,3
369,伙伴,3
370,不好,11
371,前女友,6
372,女友,7
373,[,21
374,Ohhhhhhhhhhhhhhhh,2
375,],19
376,宝贝,2
377,喜欢,40
378,sui,2
379,恁,6
380,接地,2
381,地气,2
382,祖传,2
383,吐血,7
384,从,13
385,这里,16
386,开始,10
387,为什么,38
388,偷人,2
389,反而,2
390,呢,34
391,法宝,2
392,都,81
393,放,6
394,身上,4
395,掉头,2
396,蛇,3
397,抿嘴,3
398,拒绝,5
399,还是,18
400,考虑,3
401,答应,2
402,!!,2
403,兴奋,4
404,怎么回事,5
405,回事,5
406,发现,4
407,现在,13
408,篇,3
409,活,3
410,成,6
411,样子,4
412,窑,4
413,鸡,7
414,看着,7
415,香,10
416,没给,2
417,人机,2
418,机会,2
419,坏,7
420,拉,12
421,低,2
422,大家,5
423,别误会,2
424,误会,3
425,老姐,2
426,思南,2
427,请,9
428,收下,3
429,膝盖,3
430,眼线,2
431,画,2
432,可怕,7
433,去,29
434,妖怪,14
435,唐,3
436,元,4
437,七,2
438,北方,3
439,就是,49
440,电影,4
441,打斗,2
442,模式,3
443,大话,2
444,大话西游,2
445,西游,2
446,游回,2
447,回合,2
448,回合制,2
449,这些,4
450,配角,6
451,一个个,3
452,个个,3
453,要么,4
454,颜,9
455,值,4
456,在线,6
457,可可,2
458,爱,50
459,主角,7
460,不用,11
461,不用说,2
462,简直,3
463,有种,5
464,大唐,9
465,双龙,2
466,双龙传,2
467,既,3
468,视,4
469,感,11
470,。。？,2
471,哪里,9
472,里弄,2
473,看看,3
474,背后,3
475,算了,4
476,算了算,2
477,狗命,2
478,要紧,2
479,哎,5
480,杀气,2
481,狠,2
482,咋,12
483,野上,2
484,波,5
485,左边,2
486,输,2
487,小美女,2
488,美女,4
489,滑稽,6
490,一模一样,2
491,一样,9
492,乾,2
493,字,4
494,障眼,2
495,障眼法,2
496,百花,2
497,缭乱,2
498,咋办,2
499,回不去,4
500,杀,9
501,上头,4
502,syt,2
503,僚机,2
504,每次,2
505,下,12
506,一部,3
507,支棱,2
508,天下,2
509,天下无敌,2
510,无敌,4
511,那种,2
512,可好,5
513,马,8
514,破,7
515,苍穹,3
516,租,2
517,生,5
518,一股,2
519,玩坏,2
520,自,3
521,♂,2
522,由,7
523,对象,4
524,挺好玩,2
525,好玩,3
526,玩儿,2
527,台词,5
528,蚌埠,4
529,住,7
530,完,11
531,一句,5
532,发,6
533,语音,2
534,人,50
535,如云,2
536,胖胖,2
537,bushi,7
538,带走,3
539,独占,2
540,清楚,2
541,杰,4
542,哥,8
543,neng,2
544,救命,12
545,带,16
546,口音,2
547,摔,2
548,屁,4
549,墩,2
550,儿,7
551,精华,2
552,偷吃,2
553,抓,3
554,包,2
555,竟是,6
556,同,13
557,宇宙,4
558,ying,2
559,白,26
560,胖,5
561,知道,17
562,时候,20
563,更新,8
564,死鬼,2
565,妹,106
566,勾搭,2
567,不能,13
568,注意,4
569,一下,18
570,发型,4
571,。。。。,4
572,视频,4
573,八分,2
574,八分钟,2
575,分钟,12
576,两,8
577,女子,7
578,为,8
579,争,2
580,大打出手,2
581,打出,3
582,打出手,2
583,出手,2
584,s,3
585,口型,2
586,没,19
587,上,15
588,娃,12
589,仗,3
590,着,29
591,妖刀,2
592,高深,2
593,欺负,2
594,面瘫,8
595,迄今,2
596,迄今为止,2
597,为止,2
598,见,11
599,过,21
600,最,3
601,吐痰,2
602,。。。。。,2
603,机位,2
604,角度,3
605,太奇,3
606,奇怪,10
607,故意,9
608,拍,12
609,丑,2
610,坏人,2
611,血,5
612,吐,4
613,走,16
614,心,10
615,一本,2
616,一本正经,2
617,正经,3
618,端,2
619,但愿,2
620,没看,4
621,看到,10
622,演技,29
623,得,28
624,提高,2
625,个人,11
626,人主,2
627,主要,2
628,哪个,2
629,好奇,6
630,戏,17
631,扣发,2
632,发型师,2
633,钱,3
634,牛,10
635,喇,2
636,阿姨,3
637,好色,2
638,弄死,4
639,看上,2
640,借,4
641,玩,7
642,好不好,2
643,三个,2
644,应该,19
645,热乎,3
646,are,2
647,you,2
648,crazy,2
649,黑山,2
650,老妖,2
651,剧情,13
652,不够,10
653,腹,7
654,病,6
655,娇,3
656,刚好,2
657,中,13
658,xp,2
659,累,2
660,困,2
661,喝,22
662,差点,4
663,姑娘,10
664,脖子,11
665,玩玩,2
666,媳妇,12
667,不外,2
668,不外借,2
669,有底,2
670,底线,2
671,所以,13
672,称,2
673,却,7
674,还要,3
675,人家,14
676,过分,6
677,真够,2
678,口,2
679,痛快,2
680,吊打,9
681,电视,22
682,电视剧,22
683,剧里,2
684,家主,2
685,光环,2
686,弄,4
687,别人,6
688,主意,2
689,紧张,2
690,留下,2
691,5,121
692,法术,1
693,BGM,13
694,起起落落,1
695,起落,1
696,落落,1
697,老夫,1
698,心脏,7
699,赵子龙,1
700,没想,4
701,没想到,4
702,想到,8
703,卡哇伊,1
704,嗯,6
705,～,16
706,放心,1
707,非常,21
708,直奔,1
709,主题,1
710,上来,2
711,问,4
712,一段,3
713,心上,3
714,心上人,3
715,命中,4
716,命中注定,2
717,注定,2
718,昆明,3
719,朋友,16
720,报道,1
721,眼神,15
722,变,23
723,充电,7
724,五分,1
725,五分钟,1
726,通话,1
727,焯,6
728,叫,30
729,瞬间,3
730,回到,1
731,仙剑,3
732,仙剑三,2
733,神魔,1
734,井,3
735,东土,7
736,往,5
737,西天,4
738,取经,3
739,磕,11
740,吃豆腐,8
741,豆腐,19
742,搓手,1
743,宝,8
744,调色,1
745,师,1
746,该,5
747,鱿鱼,1
748,凭,2
749,本事,2
750,刷,5
751,到,21
752,第二,9
753,第二集,1
754,二集,2
755,剧本,1
756,编剧,2
757,嬉皮,1
758,嬉皮笑脸,1
759,皮笑,1
760,笑脸,1
761,疯狂,2
762,流汗,1
763,我家,1
764,oc,2
765,嘴形,1
766,太巧,3
767,单身,9
768,心动,59
769,结,6
770,印,3
771,不该,1
772,这么,41
773,话,14
774,原来,9
775,?!(>n<),1
776,需要,13
777,理由,11
778,陌生,1
779,陌生人,1
780,生人,2
781,恋人,1
782,giegie,1
783,7,2
784,拙荆,1
785,令,1
786,诸位,1
787,见笑,1
788,一记,1
789,直球,8
790,下集,1
791,一起,10
792,成都,1
793,AG,1
794,先,5
795,敬,1
796,数据,4
797,记住,4
798,人生,2
799,问来,1
800,不算,1
801,近,5
802,演,9
803,看完,3
804,完整,1
805,完整版,1
806,整版,1
807,短,6
808,穿越,5
809,措手,1
810,措手不及,1
811,用,10
812,猎魔,1
813,徽章,1
814,主动,6
815,王子,5
816,文,6
817,款,2
818,汉服,3
819,北,2
820,冥,1
821,神功,1
822,魔界,1
823,地图,3
824,bgm,17
825,等于,1
826,系列,1
827,像是,2
828,对比,1
829,继续,3
830,4,20
831,山,9
832,耳熟,1
833,直接,13
834,师父,1
835,大数,3
836,道,24
837,侣,22
838,你好,4
839,好呀,2
840,散修,1
841,咯,7
842,不知,7
843,静电,1
844,！！,39
845,耶,5
846,灵,8
847,剑,15
848,行,9
849,233333,1
850,绝,12
851,子,5
852,白衣,2
853,衣服,12
854,来电,1
855,喵,5
856,刚刚,5
857,草率,1
858,才,13
859,叮,1
860,从来,1
861,处,3
862,去处,1
863,靠近,1
864,能干,1
865,大事,1
866,握,12
867,草,22
868,单,2
869,循环,2
870,后面,3
871,虐,13
872,亲亲,5
873,6,4
874,有人,6
875,劫,43
876,程咬金,1
877,长,19
878,水机,3
879,机场,5
880,有毒,2
881,你老,2
882,168,1
883,165,1
884,绝配,1
885,这身,2
886,身高,3
887,而来,6
888,心里,2
889,未来,1
890,万,8
891,茜,3
892,即,3
893,实不相,5
894,实不相瞒,5
895,相瞒,5
896,十分,3
897,绿,4
898,兰,1
899,芳草,1
900,采,1
901,遗,1
902,嘿嘿,37
903,嘿嘿嘿,15
904,特,2
905,么,6
906,贫僧,1
907,前往,3
908,拜佛,2
909,求,10
910,经,2
911,贴,8
912,奉劝,1
913,这位,1
914,小道,2
915,别,15
916,说不定,2
917,不定,2
918,主义,1
919,主义者,1
920,懂,10
921,那位,6
922,汗,1
923,孩子,13
924,期待,4
925,糟糕,8
926,修道,8
927,修,2
928,平,3
929,腐,1
930,兔子,1
931,飞机,2
932,飞机场,1
933,率,1
934,触电,1
935,渡劫,4
936,生死,3
937,生死劫,3
938,白豆,1
939,做,13
940,甚,1
941,混,2
942,一派,1
943,专修,1
944,世界,5
945,第一,9
946,第一等,1
947,一等,1
948,功法,1
949,红衣服,1
950,妹妹,8
951,像,22
952,李,2
953,若,1
954,彤,3
955,岂,2
956,不妙,2
957,妙哉,2
958,天,6
959,Q,1
960,起,3
961,???,1
962,中情,1
963,情人,2
964,往西方,1
965,西方,2
966,涩,2
967,hehuanpai,1
968,喊,1
969,道路,1
970,说走就走,1
971,手,24
972,历,1
973,飞,1
974,羽,1
975,无名,1
976,无名之辈,1
977,之辈,1
978,播放,9
979,放量,8
980,高,13
981,太短,3
982,不够看,5
983,哥哥,5
984,算,2
985,快,17
986,贴上去,1
987,上去,13
988,她俩,4
989,脸,24
990,这样,16
991,天然,1
992,亲近,1
993,呗,6
994,ccc,1
995,慕,2
996,掌门,2
997,吧唧,7
998,一口,10
999,亲,11
1000,突然,12
1001,吓人,7
1002,修仙,7
1003,受,13
1004,.,36
1005,真命,1
1006,真命天女,1
1007,天女,1
1008,二位,2
1009,助兴,1
1010,某,2
1011,鬼,8
1012,遗言,1
1013,吉国,1
1014,国王,1
1015,水,13
1016,国际,1
1017,国际机场,1
1018,新鲜,1
1019,东西,4
1020,那么,7
1021,木头,5
1022,木头人,1
1023,头人,1
1024,百合,7
1025,姐妹,7
1026,掌门人,1
1027,门人,1
1028,橘,12
1029,势,5
1030,大好,5
1031,浴巾,9
1032,面前,1
1033,闷,1
1034,姬,7
1035,尖叫,2
1036,弹幕,38
1037,门边,1
1038,WC,2
1039,指路,2
1040,指路牌,1
1041,路牌,1
1042,露,1
1043,害怕,13
1044,补充,1
1045,糖分,1
1046,只顾,14
1047,呦,2
1048,跑,7
1049,刚才,7
1050,集,4
1051,元素,3
1052,视野,3
1053,「,1
1054,原,3
1055,多点,1
1056,鄙人,1
1057,刀背,1
1058,（（））,1
1059,妈咪,16
1060,哄,9
1061,还行,4
1062,味,5
1063,全,5
1064,MD,1
1065,念咒,1
1066,之后,1
1067,居然,6
1068,扇,2
1069,巴掌,3
1070,救,25
1071,音效,5
1072,增加,2
1073,现场,1
1074,发带,1
1075,一瞬,1
1076,一瞬间,1
1077,吓到,11
1078,物理,1
1079,驱鬼,1
1080,画质,1
1081,很棒,1
1082,辣,3
1083,演员,9
1084,不错,27
1085,疯,2
1086,当初,1
1087,仙剑奇,1
1088,奇侠传,1
1089,味儿,3
1090,随意,1
1091,清新,1
1092,脱俗,1
1093,太会,1
1094,很多,5
1095,仙侠,3
1096,剧,22
1097,一万,1
1098,一万倍,1
1099,万倍,1
1100,糖豆,2
1101,靠,13
1102,dy,1
1103,一幕,1
1104,幸好,1
1105,来看,2
1106,想为,1
1107,为了,4
1108,关注,2
1109,up,2
1110,砍下去,1
1111,下去,1
1112,吓,21
1113,跳,16
1114,胆小,2
1115,招,3
1116,超级,4
1117,耍,1
1118,为啥,7
1119,以后,2
1120,闪,2
1121,退,2
1122,啊哈,11
1123,施法,1
1124,帅呆了,1
1125,到处,2
1126,到处跑,2
1127,野草,1
1128,一集,4
1129,悬念,1
1130,怕,12
1131,回,1
1132,基本,2
1133,回不来,1
1134,不来,3
1135,背景,4
1136,背景音乐,4
1137,音乐,8
1138,斗地主,1
1139,地主,1
1140,还有,6
1141,有救,1
1142,吓死,16
1143,结界,1
1144,一早,1
1145,早年,1
1146,早年间,1
1147,年间,1
1148,珍贵,1
1149,影像,1
1150,护驾,2
1151,耳,1
1152,耳光,2
1153,？？！,1
1154,免费,1
1155,麦,8
1156,丽,8
1157,素,10
1158,好评,2
1159,hhhhhhh,2
1160,久,3
1161,敏,3
1162,证明,4
1163,乐死,1
1164,对不起,1
1165,大声,1
1166,55555,2
1167,同道,2
1168,同道中人,2
1169,中人,2
1170,嘴,9
1171,饿,2
1172,极,2
1173,QQ,3
1174,糖,3
1175,短剧,3
1176,卷,1
1177,！！！！,9
1178,支线,2
1179,get,2
1180,买一送一,1
1181,spa,6
1182,组,3
1183,2,3
1184,跟我来,1
1185,三组,1
1186,四组,1
1187,组分,1
1188,分别,1
1189,左右,2
1190,左右侧,1
1191,右侧,1
1192,迂回,1
1193,这儿,2
1194,打人,1
1195,一巴掌,1
1196,甜枣,1
1197,临,2
1198,兵,3
1199,斗,5
1200,者,5
1201,皆,5
1202,阵列,3
1203,前行,2
1204,淼,4
1205,外边,1
1206,把手,2
1207,里边,1
1208,外翻,1
1209,挣脱,1
1210,脱开,1
1211,你俩,3
1212,抱,9
1213,兵临,1
1214,九,1
1215,真言,1
1216,哎呀,2
1217,玩意,2
1218,道长,1
1219,没道理,1
1220,道理,2
1221,艾,1
1222,同学,1
1223,不服,1
1224,德,6
1225,爷,1
1226,护,9
1227,体,8
1228,新任,1
1229,任务,6
1230,探索,1
1231,村,7
1232,hhhhhhhhhhhhh,1
1233,西,2
1234,内,4
1235,通天,1
1236,教主,1
1237,:?,1
1238,牛黄,2
1239,清心,6
1240,丸,4
1241,认准,1
1242,同仁,1
1243,同仁堂,1
1244,哄哄,1
1245,刀,12
1246,收得,1
1247,轻盈,2
1248,凉,2
1249,神仙,3
1250,水平,1
1251,气氛,4
1252,把握,1
1253,审美,1
1254,般配,1
1255,进度,3
1256,进度条,2
1257,过半,1
1258,崇拜,1
1259,小眼,1
1260,,2
1261,加,4
1262,每天,1
1263,晚自习,1
1264,自习,1
1265,习练,1
1266,练字,1
1267,梅开二度,1
1268,二度,1
1269,卷起,2
1270,制作,9
1271,某些,8
1272,偶,5
1273,用心,3
1274,镜头,3
1275,好酷,1
1276,yooooooo,1
1277,启动,1
1278,接,1
1279,化,6
1280,是否,1
1281,接受,1
1282,寻找,1
1283,老奶奶,11
1284,奶奶,20
1285,奶奶家,1
1286,家人,7
1287,恰到好处,2
1288,好处,2
1289,不过,5
1290,夸张,1
1291,挺,17
1292,同情,1
1293,同情心,1
1294,超越,1
1295,力,1
1296,持续,1
1297,您,4
1298,导航,1
1299,CP,1
1300,获得,1
1301,惊奇,1
1302,队长,1
1303,暴打,1
1304,怕怕,1
1305,渴死,2
1306,吓出,1
1307,出国,1
1308,国粹,1
1309,好吃,3
1310,五毛,4
1311,前方,3
1312,虽然,6
1313,只是,2
1314,一些,4
1315,五毛钱,1
1316,毛钱,1
1317,但,12
1318,津津,1
1319,津津有味,1
1320,有味,1
1321,⊙66⊙！,1
1322,恐怖,8
1323,控,1
1324,台,1
1325,哼,1
1326,伸腿,2
1327,瞪眼,2
1328,从此,1
1329,看来,3
1330,实学,1
1331,学艺,1
1332,这场,2
1333,场景,3
1334,阵,18
1335,金钱,1
1336,大比,1
1337,兜,1
1338,大娘,1
1339,尬,7
1340,哈,3
1341,弱,1
1342,强,7
1343,0,6
1344,法力,1
1345,太弱,1
1346,坐上,1
1347,路,1
1348,粗言,3
1349,鄙,3
1350,语,4
1351,泰戈尔,1
1352,戈尔,1
1353,党,1
1354,题材,1
1355,奇特,1
1356,因为,18
1357,疫情,2
1358,封,3
1359,看好,4
1360,冲冲,2
1361,记,1
1362,记得,1
1363,得有,1
1364,哪,9
1365,弓弩,1
1366,弓弩手,1
1367,弩手,1
1368,占领,1
1369,制高点,1
1370,高点,1
1371,盾牌,1
1372,探路,2
1373,槊,1
1374,护法,2
1375,上清,1
1376,芜湖,6
1377,写,3
1378,小说,2
1379,男,12
1380,诚,2
1381,腻歪,1
1382,情景,1
1383,111111,1
1384,有事,2
1385,有事吗,1
1386,没事,4
1387,溜溜,5
1388,梅,2
1389,？？？？,6
1390,肝病,2
1391,表现,2
1392,木,7
1393,老婆婆,1
1394,婆婆,1
1395,摸,12
1396,再来,3
1397,句,3
1398,个头,4
1399,确诊,1
1400,诊病,1
1401,病例,1
1402,枣阳,1
1403,汉城,4
1404,震惊,1
1405,路边,1
1406,与,4
1407,冲突,1
1408,竟,1
1409,掐死,1
1410,究竟,2
1411,人性,3
1412,扭曲,2
1413,道德,2
1414,沦丧,1
1415,赵,1
1416,嘉,1
1417,三水,2
1418,老公,6
1419,呵呵,1
1420,碰,3
1421,最大,2
1422,侮辱,1
1423,no,2
1424,侮,1
1425,汝,1
1426,黄昏,2
1427,雪,6
1428,悍,4
1429,yi,1
1430,而已,4
1431,b,2
1432,站,4
1433,woooooooo,1
1434,多发,2
1435,发点,1
1436,怪,2
1437,不信,2
1438,高质,2
1439,高质量,2
1440,质量,12
1441,没人,2
1442,啪,1
1443,hhh,5
1444,承包,1
1445,空,1
1446,屏,1
1447,哼哼,3
1448,哼哼哈哈,1
1449,xsw,1
1450,国产,5
1451,不出,2
1452,gucci,1
1453,女人,3
1454,点出,2
1455,大片,5
1456,直视,1
1457,请不起,1
1458,群,1
1459,厉害,8
1460,隔离,2
1461,真是,5
1462,含,1
1463,河,1
1464,量,1
1465,瞧,1
1466,修长,1
1467,有力,1
1468,手指,4
1469,？？？？？,5
1470,咪,3
1471,别说,2
1472,嗝,4
1473,先进,1
1474,进去,3
1475,,1
1476,藏,4
1477,壶,2
1478,少,4
1479,一壶水,2
1480,兵器,1
1481,念错,1
1482,咪咪,2
1483,认真,5
1484,淦,4
1485,cm,1
1486,严重,3
1487,哟,3
1488,老妪,1
1489,委托,1
1490,接取,1
1491,金鱼,1
1492,活着,1
1493,转,4
1494,找到,1
1495,地方,4
1496,取景,1
1497,景地,1
1498,,1
1499,两招,1
1500,老太,4
1501,老太太,4
1502,太太,5
1503,腿脚,1
1504,利索,1
1505,超,3
1506,吓一跳,2
1507,嘴角,5
1508,微微,1
1509,浅笑,1
1510,怦然,4
1511,怦然心动,4
1512,口渴,1
1513,的话,3
1514,嘴唇,1
1515,干,12
1516,老妇,1
1517,老妇人,1
1518,妇人,1
1519,别跑,4
1520,节奏,2
1521,太细,1
1522,叭,2
1523,小道士,1
1524,道士,8
1525,可愿,1
1526,清屏,1
1527,wsl,1
1528,英雄,2
1529,英雄救美,2
1530,箫,1
1531,曲,1
1532,桃花,3
1533,渡,7
1534,》，,1
1535,作者,1
1536,陈,1
1537,悦,2
1538,要是,2
1539,出圈,1
1540,111,2
1541,儿子,1
1542,子儿,1
1543,儿媳,1
1544,单眼,1
1545,单眼皮,1
1546,眼皮,1
1547,拳打,1
1548,南山,1
1549,敬老,1
1550,敬老院,1
1551,脚踢,1
1552,北海,1
1553,幼儿,1
1554,幼儿园,1
1555,解开,1
1556,很快,1
1557,快来,1
1558,整,3
1559,62,8
1560,不好意思,5
1561,好意,6
1562,好意思,6
1563,意思,9
1564,忍住,6
1565,塞特,1
1566,按摩,1
1567,已经,7
1568,控制,1
1569,往上,1
1570,往上走,1
1571,哈什,1
1572,无奈,1
1573,逼,5
1574,瓷,1
1575,死光,1
1576,各,3
1577,大修,1
1578,导演,2
1579,演好,1
1580,好好学,1
1581,好学,1
1582,学学,1
1583,哪怕,1
1584,经费不足,1
1585,不足,1
1586,糊弄,1
1587,woc,5
1588,渴,3
1589,线索,1
1590,阿城,1
1591,稍微,1
1592,亿,4
1593,颜色,2
1594,许仙,1
1595,差不多,1
1596,不多,3
1597,斗气,2
1598,气化,2
1599,挨打,1
1600,舅舅,1
1601,眼,10
1602,妆,7
1603,真好,10
1604,探查,1
1605,送,7
1606,人头,2
1607,V,1
1608,间,1
1609,她们,5
1610,水生,1
1611,平常,1
1612,喝水,12
1613,这一关,1
1614,关过,1
1615,车,1
1616,当街,1
1617,痛殴,1
1618,慈祥,1
1619,老人,4
1620,老人家,1
1621,希望,4
1622,俺,4
1623,浓,2
1624,找茬,1
1625,入股,1
1626,亏,1
1627,口水,4
1628,另外,2
1629,敢,6
1630,有钱,2
1631,夭寿,2
1632,殴打,1
1633,一点,4
1634,,1
1635,,1
1636,help,1
1637,但是,10
1638,这点,2
1639,根本,1
1640,完美,3
1641,！[,1
1642,星星,3
1643,][,9
1644,]67,1
1645,动,7
1646,awsl,1
1647,灵魂,1
1648,很妙,1
1649,高差,2
1650,众,1
1651,精彩,1
1652,今天,1
1653,,1
1654,出场,3
1655,方式,3
1656,改进,1
1657,一见钟情,3
1658,钟情,3
1659,www,2
1660,温,3
1661,迪,3
1662,复刻,1
1663,前瞻,1
1664,直播,1
1665,古拉,1
1666,娜,2
1667,召唤,4
1668,小熊,1
1669,小熊猫,1
1670,熊猫,1
1671,值得,2
1672,拥有,1
1673,丞相,2
1674,何故,2
1675,发笑,2
1676,这段,4
1677,百看不厌,1
1678,不厌,1
1679,反应,2
1680,嘴脸,1
1681,藏不住,1
1682,没笑,1
1683,哭,19
1684,～～～,1
1685,回来,3
1686,补,2
1687,连,6
1688,转身,3
1689,穿鞋,1
1690,脚,3
1691,痛,2
1692,点,9
1693,成为,23
1694,小鸭,1
1695,我心,1
1696,谢谢,4
1697,惨,9
1698,怔,1
1699,ing,1
1700,),8
1701,巴拉,1
1702,拉拉,1
1703,能量,4
1704,俩,2
1705,芊,12
1706,传,7
1707,云和,1
1708,焰,2
1709,晚上,7
1710,双色,5
1711,双色球,5
1712,色球,5
1713,号码,5
1714,橙,7
1715,光,9
1716,游戏,1
1717,此剧,1
1718,已定,5
1719,串,3
1720,巴,1
1721,缘,1
1722,大姐,1
1723,铠,1
1724,求求,2
1725,魔法,8
1726,魔法阵,3
1727,接送,1
1728,喝酒,1
1729,狗头,5
1730,英气,1
1731,也好,8
1732,好听,3
1733,清冷,3
1734,不对,19
1735,不对劲,1
1736,对劲,1
1737,离谱,1
1738,好巧,1
1739,友情,2
1740,六,12
1741,芒,8
1742,星,9
1743,秀,1
1744,一期,1
1745,彩票,2
1746,票头,1
1747,头奖,1
1748,清淡,1
1749,原型,1
1750,下期,2
1751,票号,1
1752,标题,6
1753,题写,1
1754,少不了,1
1755,不了,4
1756,阵法,5
1757,叉,1
1758,出去,2
1759,总,1
1760,少女,5
1761,错觉,1
1762,错,11
1763,大师,2
1764,师姐,1
1765,果然,4
1766,法,9
1767,转头,4
1768,适合,2
1769,俄,1
1770,乌局,1
1771,局势,3
1772,洛神,1
1773,离,3
1774,谱,2
1775,不太好,1
1776,梦,3
1777,情,29
1778,百万,5
1779,万特,4
1780,多少,5
1781,救救,4
1782,！！！！！,3
1783,关灯,1
1784,人们,3
1785,斩,1
1786,被叫,1
1787,叫出,1
1788,开屏,2
1789,雷击,2
1790,影,4
1791,六七,1
1792,七七,1
1793,为重,1
1794,内涵,1
1795,呐,2
1796,引,2
1797,雷,1
1798,劈,4
1799,倒霉,1
1800,倒霉蛋,1
1801,情侣,19
1802,WoC,1
1803,大英,1
1804,英俊,1
1805,帅哥,11
1806,驾到,1
1807,姻缘,1
1808,马上,3
1809,到来,1
1810,御,2
1811,文明,1
1812,莫名,5
1813,郑,1
1814,妮,3
1815,渲染,1
1816,恐怖片,2
1817,等等,7
1818,妹子,3
1819,害羞,7
1820,咦,1
1821,呜,1
1822,痴笑,1
1823,2333,6
1824,秋裤,2
1825,花,4
1826,笔,1
1827,有没有,6
1828,一种,2
1829,俩本,1
1830,本人,2
1831,9m,1
1832,",",3
1833,骤,2
1834,停,3
1835,爸爸,3
1836,妈妈,1
1837,纳妾,4
1838,相,1
1839,,1
1840,,1
1841,任,1
1842,型,1
1843,热水,2
1844,题,1
1845,见谅,4
1846,一次,4
1847,脱,1
1848,，，，,2
1849,二,3
1850,TMD,1
1851,漂亮,25
1852,gay,1
1853,点心,1
1854,点错,32
1855,洗澡,6
1856,卸妆,1
1857,国标,1
1858,雷声,1
1859,素材,1
1860,［,1
1861,保命,1
1862,］,1
1863,首,2
1864,抽抽,1
1865,按,10
1866,就要,1
1867,劈开,2
1868,探戈,3
1869,趟,2
1870,亚麻,1
1871,女孩,10
1872,女孩子,9
1873,扭,4
1874,美好,2
1875,好多,4
1876,比古,1
1877,az,1
1878,身材,6
1879,一般,3
1880,？？,5
1881,鸡汤,2
1882,witch,1
1883,透,1
1884,tnnd,2
1885,要来,1
1886,此,4
1887,这行,1
1888,行业,1
1889,卷成,1
1890,一定,6
1891,重点,2
1892,朕,3
1893,召唤兽,1
1894,系统,2
1895,开启,3
1896,来点,2
1897,点过,1
1898,年代,1
1899,(bロb),1
1900,缺,3
1901,女朋友,4
1902,哥德,1
1903,哥德巴赫,1
1904,哥德巴赫猜想,1
1905,德巴,1
1906,德巴赫,1
1907,巴赫,1
1908,猜想,1
1909,想有,2
1910,最优,1
1911,直,6
1912,发言,1
1913,穿,5
1914,高能,2
1915,弯,3
1916,不应,3
1917,该是,4
1918,五行,1
1919,八卦,1
1920,八卦阵,1
1921,羊,1
1922,满满,5
1923,爆粗,1
1924,粗口,1
1925,尴尬,3
1926,况且,1
1927,身体,1
1928,主人,1
1929,掉落,3
1930,视角,2
1931,白酒,1
1932,涨,1
1933,doinb,2
1934,整得,1
1935,其实,4
1936,同心,1
1937,同心结,1
1938,心结,1
1939,磨豆腐,9
1940,TM,2
1941,可乐,2
1942,叙利亚,2
1943,利亚,2
1944,Doinb,1
1945,谢,3
1946,不如,4
1947,跟着,1
1948,比国,1
1949,转场,2
1950,代入,1
1951,干嘛,7
1952,tm,2
1953,挨,1
1954,老子,3
1955,穿山甲,2
1956,山甲,2
1957,到底,5
1958,候复,1
1959,复课,1
1960,666666,1
1961,王道,1
1962,？《,1
1963,》？,1
1964,不到,7
1965,助,2
1966,修行,4
1967,野球,1
1968,帝王,1
1969,王师傅,3
1970,师傅,4
1971,出演,1
1972,脸红,2
1973,泡泡,1
1974,泡茶,1
1975,茶壶,3
1976,何方,2
1977,道友,2
1978,大爷,1
1979,一件,5
1980,美事,3
1981,emmm,1
1982,只要,1
1983,胆子,1
1984,足够,1
1985,女鬼,2
1986,产假,1
1987,摄影,2
1988,摄影师,2
1989,蛆,1
1990,蛇皮,2
1991,瞎子,1
1992,裹,1
1993,一般般,1
1994,般般,1
1995,尼玛,3
1996,中西,1
1997,中西合璧,1
1998,合璧,1
1999,图案,1
2000,中国,7
2001,外国,1
2002,外国法,1
2003,国法,1
2004,首页,3
2005,通知,2
2006,通知书,2
2007,百合花,3
2008,高级,1
2009,徒弟,1
2010,开心,6
2011,侧面,2
2012,看起,3
2013,看起来,3
2014,除了,3
2015,那段,1
2016,好剑法,1
2017,剑法,1
2018,日本,1
2019,裁判,1
2020,跨,1
2021,桑,2
2022,？！！？,1
2023,凡人,1
2024,里脊,1
2025,里脊肉,1
2026,内裤,1
2027,倒水,1
2028,路上,1
2029,早点,1
2030,配,9
2031,不至于,1
2032,至于,1
2033,一大,1
2034,一大跳,1
2035,妈呀,3
2036,jh,1
2037,一紧,1
2038,答,2
2039,君子,4
2040,做法,4
2041,法拉,4
2042,法拉第,4
2043,笼,4
2044,古代,3
2045,古代人,1
2046,代人,1
2047,听得懂,2
2048,洗,2
2049,能用,2
2050,趣,1
2051,附近,1
2052,厕所,2
2053,新东,1
2054,新东方,1
2055,东方,1
2056,医院,1
2057,过天,1
2058,嫩,1
2059,扔,1
2060,水里,1
2061,洗洗,1
2062,看见,3
2063,ies,1
2064,幻,3
2065,想不到,1
2066,出现,2
2067,管,2
2068,小脑,1
2069,脑袋,1
2070,回头,2
2071,咚,1
2072,棒,3
2073,wu,1
2074,收回,2
2075,被子,3
2076,外面,1
2077,艺,1
2078,自带,1
2079,带回,2
2080,回音,1
2081,专门,1
2082,准备,1
2083,国风,1
2084,搞,1
2085,ta,1
2086,心虚,1
2087,倒,5
2088,些,1
2089,网,3
2090,骨,1
2091,孕,1
2092,灵光,1
2093,神气,1
2094,内藏,1
2095,,2
2096,(,9
2097,刚烧,1
2098,烧开,1
2099,千万,1
2100,这他,1
2101,国家,1
2102,反,1
2103,诈,1
2104,中心,1
2105,APP,1
2106,动心,2
2107,化妆,2
2108,差,3
2109,流量,2
2110,剧毒,1
2111,无端,1
2112,联想,1
2113,两姐妹,1
2114,双休,1
2115,虎狼,2
2116,词,2
2117,giao,2
2118,扣,1
2119,鸡腿,1
2120,妖女,1
2121,休要,1
2122,毁,1
2123,道心,2
2124,花开,2
2125,女生,5
2126,看不得,1
2127,不得,7
2128,得得,1
2129,古装,2
2130,装好,1
2131,太多,2
2132,先救,1
2133,保,2
2134,鹿,1
2135,踏,2
2136,二倍,1
2137,倍速,1
2138,活儿,1
2139,找,2
2140,嗨,1
2141,骗,4
2142,接点,1
2143,举报,1
2144,扑克,1
2145,续,1
2146,作,1
2147,158,1
2148,憨,2
2149,冠,3
2150,把兄弟,1
2151,兄弟,2
2152,当,3
2153,外人,1
2154,勒,2
2155,大法,1
2156,大法师,1
2157,法师,1
2158,有钱人,1
2159,明明,6
2160,停过,1
2161,页,1
2162,游法,1
2163,不漏,1
2164,漏出,1
2165,漏出来,1
2166,阅读,2
2167,理解,2
2168,嫌弃,4
2169,粗鲁,1
2170,嘎,2
2171,枝,1
2172,窝,1
2173,拿,6
2174,矿泉,1
2175,矿泉水,1
2176,泉水,1
2177,换,4
2178,10w,1
2179,扎,1
2180,头发,3
2181,啧啧,5
2182,笑声,1
2183,虚空,2
2184,吊,2
2185,不合,1
2186,合适,1
2187,不想,4
2188,叨叨,1
2189,不休,1
2190,地上,1
2191,傻子,1
2192,们,3
2193,说明,1
2194,佬,1
2195,披着,1
2196,躲,7
2197,朗,1
2198,喝药,1
2199,家,1
2200,郎,1
2201,吃药,1
2202,中东,1
2203,原油,1
2204,原油价格,1
2205,油价,1
2206,油价格,1
2207,价格,1
2208,会上,1
2209,上涨,1
2210,不怕,2
2211,蚊子,2
2212,咬,11
2213,同为,1
2214,慌张,1
2215,迷惑,1
2216,太极,1
2217,看穿,1
2218,中国男足,1
2219,男足,1
2220,何时,1
2221,何时能,1
2222,打进,1
2223,世界杯,1
2224,三维,1
2225,10,3
2226,大关,1
2227,随便,1
2228,整容,1
2229,成功,7
2230,武汉,1
2231,estarprologo,1
2232,盲人,1
2233,服,5
2234,套,3
2235,BUG,1
2236,空出,1
2237,这次,4
2238,张艺谋,1
2239,拍摄,1
2240,名字,1
2241,hhhhhhhh,1
2242,Hhhhhhhh,1
2243,什,2
2244,眼熟,1
2245,肯定,5
2246,定都,1
2247,开幕,2
2248,，，,1
2249,九成,1
2250,八,1
2251,攻击,1
2252,教练,1
2253,想学,1
2254,激动,2
2255,hh,1
2256,劫难,1
2257,揉,2
2258,吞,1
2259,翻牌,1
2260,牌子,1
2261,貌似,1
2262,几个,3
2263,纸,3
2264,扭到,1
2265,一旁,2
2266,多年,1
2267,禁不住,1
2268,魅力,1
2269,暖,1
2270,稳重,1
2271,成熟,1
2272,起点,1
2273,小鹿,2
2274,乱撞,2
2275,天上,1
2276,天上掉,1
2277,福气,1
2278,怎么样,1
2279,藿香,2
2280,正气,2
2281,软胶,1
2282,软胶囊,1
2283,胶囊,3
2284,机器,1
2285,机器猫,1
2286,口袋,2
2287,芸,8
2288,出场费,1
2289,光明,1
2290,光明正大,1
2291,正大,1
2292,牵手,5
2293,A,7
2294,公主,4
2295,大概,2
2296,爱情,12
2297,说得好,3
2298,吹笛,1
2299,舍得,1
2300,系,2
2301,暗恋,2
2302,越,4
2303,实像,2
2304,对抗,1
2305,欲望,1
2306,馒头,1
2307,之人,3
2308,辟谷,2
2309,截,1
2310,刘海,1
2311,给水,1
2312,容易,3
2313,温暖,1
2314,活泼,2
2315,感动,3
2316,性格,2
2317,互补,1
2318,灵气,1
2319,失业,1
2320,抱抱,2
2321,杯,1
2322,白菜,1
2323,馅儿,1
2324,只能,2
2325,有心,5
2326,最近,1
2327,勤,1
2328,扑通,4
2329,逻辑,2
2330,为何,2
2331,不安,4
2332,定情,4
2333,情信,4
2334,信物,4
2335,红红,1
2336,红红火火,1
2337,红火,1
2338,恍恍惚惚,1
2339,恍惚,1
2340,惚,1
2341,笛,4
2342,通灵术,1
2343,回报,1
2344,呱,1
2345,―――,1
2346,自来,1
2347,内行,1
2348,不让,3
2349,停不下,1
2350,停不下来,1
2351,不下,1
2352,wgiao,1
2353,~！！,1
2354,看不见,1
2355,嘤,2
2356,人心,3
2357,心情,1
2358,情变,1
2359,变好,2
2360,me,1
2361,小口,1
2362,胡,2
2363,玄,1
2364,玉,1
2365,拖进,1
2366,爱看,1
2367,追,2
2368,巧克力,1
2369,胡萝卜,1
2370,胡萝卜素,1
2371,萝卜,1
2372,撩,2
2373,赞成,1
2374,反对,2
2375,连续,1
2376,看有,1
2377,有意,3
2378,有意思,2
2379,满满的,2
2380,安全,1
2381,安全感,1
2382,x2,1
2383,inb,1
2384,越来,1
2385,越来越,1
2386,惨淡,2
2387,拉手,2
2388,666,2
2389,钟意,1
2390,家乡,1
2391,小曲,1
2392,愿,2
2393,比如,3
2394,比如说,1
2395,通,2
2396,广,1
2397,咯噔,1
2398,有效,1
2399,版,2
2400,a,3
2401,火影,1
2402,火影忍者,1
2403,忍者,1
2404,乱,1
2405,入,2
2406,嗑,4
2407,真不,11
2408,真不错,7
2409,来晚,1
2410,侧,2
2411,先天,1
2412,天一,4
2413,,1
2414,说得对,1
2415,江湖,2
2416,风云,1
2417,风云录,1
2418,U,1
2419,自然,2
2420,忧郁,1
2421,蓝调,1
2422,咋样,2
2423,苦,1
2424,几,1
2425,忧,1
2426,究,1
2427,资,1
2428,不管,2
2429,吼吼,10
2430,新手,1
2431,经验,5
2432,翻脸,1
2433,翻书,1
2434,甜甜,1
2435,甜甜的,1
2436,氛围,1
2437,天生,1
2438,生就,1
2439,度,1
2440,读心术,1
2441,心术,1
2442,{[,1
2443,8,1
2444,l,2
2445,",}",1
2446,321,1
2447,寸步,1
2448,寸步不离,1
2449,不离,1
2450,里来,1
2451,土拨鼠,2
2452,当然,3
2453,留,1
2454,防止,1
2455,破坏,2
2456,守护,1
2457,和平,1
2458,捂,4
2459,少点,1
2460,不分,1
2461,不光,1
2462,jy,1
2463,蒋,3
2464,熟,1
2465,接吻,2
2466,演戏,2
2467,坠入,11
2468,爱河,11
2469,qjm,1
2470,一声,1
2471,嚼,1
2472,瘦,2
2473,眉毛,1
2474,思,2
2475,窝头,1
2476,M,1
2477,豆,2
2478,熟悉,2
2479,室上性,1
2480,心动过速,2
2481,过速,2
2482,烤串,1
2483,傲,1
2484,吹,3
2485,一脸,3
2486,哆,1
2487,存,1
2488,天理,1
2489,灭,1
2490,欲,3
2491,龙葵,1
2492,变出,5
2493,杯水,1
2494,就行了,2
2495,贴心,1
2496,方便,2
2497,不掉,4
2498,那些,6
2499,攻,2
2500,摸摸,6
2501,趁机,2
2502,占便宜,1
2503,便宜,1
2504,太水,2
2505,独享,4
2506,快撑,1
2507,撑不住,1
2508,药量,1
2509,加倍,1
2510,刚为,1
2511,想要,3
2512,@,1
2513,,1
2514,,1
2515,结合,3
2516,水壶,1
2517,撤退,1
2518,灵动,1
2519,沉稳,1
2520,内敛,1
2521,互相,1
2522,相吸,1
2523,吸引,2
2524,how,2
2525,pay,2
2526,pdd,1
2527,卖,1
2528,43,1
2529,小气,1
2530,小气鬼,1
2531,摸手,3
2532,早晚,1
2533,立刻,1
2534,m,1
2535,步伐,1
2536,定好,1
2537,健身,1
2538,撸,1
2539,铁,1
2540,减肥,1
2541,磨,1
2542,皮,1
2543,太严,1
2544,滤镜,1
2545,阴间,1
2546,用力,1
2547,猛,2
2548,嘴硬,1
2549,心软,1
2550,间接,1
2551,接接,1
2552,笛子,2
2553,爽,2
2554,堀,1
2555,希,1
2556,妻,2
2557,吹牛,1
2558,怎么办,3
2559,幸福,1
2560,幸福感,1
2561,生气,1
2562,竟然,2
2563,敢嫌,1
2564,借给,2
2565,强力,1
2566,蜂乳,1
2567,乳浆,1
2568,胶丸,1
2569,行走,1
2570,走江湖,1
2571,最后,2
2572,拐,2
2573,结果,2
2574,上集,1
2575,奶水,1
2576,劳模,1
2577,符合,1
2578,半,14
2579,造型,7
2580,极了,1
2581,缺德,1
2582,笑容,1
2583,治愈,1
2584,hhhh,3
2585,一直,2
2586,开开,1
2587,开开心,1
2588,开开心心,1
2589,心心,1
2590,助攻,17
2591,一路,1
2592,一路顺风,1
2593,顺风,1
2594,表示,2
2595,远点,1
2596,此时,2
2597,此时此刻,1
2598,此刻,1
2599,神助,2
2600,忒,4
2601,十数,1
2602,十数年,1
2603,数年,1
2604,从未,1
2605,如此,1
2606,要求,7
2607,所谓,3
2608,封印,1
2609,反噬,1
2610,自身,1
2611,气死,1
2612,乌兰,1
2613,乌兰图,1
2614,雅,1
2615,情侣装,11
2616,确信,2
2617,恼,1
2618,本体,12
2619,老姜,2
2620,豁,4
2621,滑,4
2622,选错,2
2623,teai,1
2624,每个,1
2625,投币,1
2626,第二季,7
2627,二季,7
2628,kswl,5
2629,第一次,2
2630,听见,1
2631,无理,3
2632,飘过,2
2633,死于,2
2634,推进,1
2635,瑟瑟,1
2636,发抖,1
2637,看向,1
2638,伤心,2
2639,犬夜叉,1
2640,夜叉,1
2641,性,2
2642,手上,2
2643,上有,2
2644,指环,3
2645,宠,3
2646,额头,2
2647,细节,2
2648,惊艳,2
2649,这俩,2
2650,关系,2
2651,仔细,2
2652,仔细听,1
2653,要说,1
2654,打下,1
2655,伏笔,2
2656,半神,4
2657,黄鼠,1
2658,黄鼠狼,1
2659,奥,1
2660,皮肤,2
2661,以是,1
2662,本草,1
2663,纲目,1
2664,正在,2
2665,筹备,1
2666,真会,1
2667,加多,2
2668,大雾,1
2669,形态,1
2670,桔梗,3
2671,甜,11
2672,同色系,1
2673,色系,1
2674,H,1
2675,b,1
2676,清源,6
2677,清源山,6
2678,后续,2
2679,飒,3
2680,使劲,1
2681,No,1
2682,大结局,2
2683,结局,5
2684,选择,1
2685,遍,1
2686,速度,1
2687,续保,1
2688,保持,1
2689,干杯,1
2690,空虚,1
2691,看样,1
2692,看样子,1
2693,万左右,1
2694,身后,1
2695,阔,2
2696,漏,1
2697,装,1
2698,咔,2
2699,嗷嗷,16
2700,眉眼,1
2701,奥特,1
2702,奥特曼,1
2703,特曼,1
2704,！~,1
2705,满眼,1
2706,巨好,1
2707,泉州,1
2708,泉州人,1
2709,狂喜,2
2710,身,3
2711,芍药,1
2712,芍药花,1
2713,称呼,1
2714,改,1
2715,第一季,2
2716,一季,2
2717,攻略,1
2718,BOSS,1
2719,更好,6
2720,魔兽,1
2721,他俩,1
2722,它,4
2723,莫邪,1
2724,竹笛,1
2725,一会,1
2726,进步,1
2727,煜,1
2728,允,1
2729,完结,8
2730,撒花,9
2731,S,1
2732,绝美,3
2733,套路,1
2734,结婚,2
2735,,1
2736,Wdt,1
2737,几分,1
2738,几分钟,1
2739,八重,1
2740,欠,5
2741,满足,1
2742,瞅,1
2743,滴,5
2744,工具,1
2745,博,1
2746,失去,1
2747,卧,4
2748,！！！？？？？？,1
2749,反转,1
2750,！！？？？,1
2751,隐藏,1
2752,藏身,1
2753,身份,1
2754,痴,1
2755,汉,1
2756,hao,2
2757,受伤,1
2758,心痛,1
2759,侗,1
2760,体现,1
2761,现身,1
2762,国人,2
2763,尊重,2
2764,对手,1
2765,原地,1
2766,不行,3
2767,看出,1
2768,婚,2
2769,快活,1
2770,跟,4
2771,善恶,1
2772,社,1
2773,化妆师,1
2774,梳,1
2775,油,1
2776,紫藤,1
2777,紫藤花,1
2778,花树,1
2779,一罐,2
2780,冲过,1
2781,冲过去,1
2782,过去,1
2783,一把,1
2784,抱住,1
2785,然后,2
2786,蹭,2
2787,急,3
2788,热,3
2789,发油,1
2790,小分,3
2791,小分队,3
2792,分队,3
2793,集合,1
2794,在座,1
2795,禁欲,1
2796,美艳,1
2797,！！！！！！！！！！,1
2798,！！！！！！！,3
2799,傻,2
2800,大白,1
2801,大白天,1
2802,白天,1
2803,惊,1
2804,现,1
2805,小三,2
2806,树下,1
2807,勾引,2
2808,并,2
2809,试图,1
2810,妻子,1
2811,旁,1
2812,阻止,1
2813,三打,1
2814,lue,1
2815,本,1
2816,山中,1
2817,来自,3
2818,欠揍,1
2819,03,1
2820,正义,1
2821,？。。,1
2822,选,5
2823,方人,1
2824,蝶,1
2825,！！！！！！！！！！！！！！！！！！！！！！！！！！！！！！！！！！！！,1
2826,识,1
2827,俺们,1
2828,狐狸,3
2829,猫咪,1
2830,情人节,1
2831,凌晨,1
2832,一口气,2
2833,口气,2
2834,好爽,1
2835,密码,2
2836,正确,3
2837,贱,4
2838,兮兮,1
2839,徒,1
2840,x,2
2841,粉,2
2842,厚,2
2843,清,1
2844,建,1
2845,挠,1
2846,挠头,1
2847,见好就收,1
2848,雨,2
2849,无,18
2850,瓜,2
2851,！（,2
2852,珍珠,1
2853,红色,2
2854,定本,1
2855,Van,1
2856,几天,1
2857,指环王,1
2858,山脚,1
2859,山脚下,1
2860,脚下,1
2861,不晓,1
2862,晓得,1
2863,搞了半天,1
2864,半天,1
2865,开大,1
2866,月,3
2867,绣,1
2868,晴,2
2869,不用谢,1
2870,激出,1
2871,哒,3
2872,可别,1
2873,笑笑,1
2874,嚯,1
2875,妖孽,2
2876,正常,2
2877,抢婚,1
2878,米,1
2879,位,1
2880,眼花,3
2881,好气,1
2882,你好坏,1
2883,好坏,1
2884,狐狸精,2
2885,现下,1
2886,下面,1
2887,是非,1
2888,唉,3
2889,这辈子,2
2890,辈子,2
2891,不识,1
2892,识趣,1
2893,喜,2
2894,嘶,1
2895,记号,1
2896,向上,1
2897,向下,1
2898,云体,1
2899,体质,2
2900,特殊,1
2901,一群,1
2902,群妖,1
2903,闲聊,1
2904,不知天高地厚,1
2905,天高地,1
2906,天高地厚,1
2907,高地,1
2908,实心,1
2909,足矣,1
2910,外貌,1
2911,再好,1
2912,终究,1
2913,两身,1
2914,太少,1
2915,增,1
2916,增人,1
2917,人气,2
2918,终于,3
2919,羞,2
2920,含情,1
2921,含情脉脉,1
2922,脉脉,1
2923,糖尿,1
2924,糖尿病,1
2925,一秒,2
2926,讨,1
2927,第二次,1
2928,二次,1
2929,听到,1
2930,我们,7
2931,狗,6
2932,甚至,1
2933,当成,1
2934,成婚,1
2935,传说,1
2936,没死,1
2937,古代篇,1
2938,交出,1
2939,交出来,1
2940,吉娃娃,6
2941,娃娃,7
2942,伟,1
2943,带我去,1
2944,学,1
2945,暴富,1
2946,术,1
2947,tian,1
2948,物,2
2949,神物,1
2950,降世,1
2951,吃惊,1
2952,毛毛,1
2953,毛毛虫,1
2954,毛虫,1
2955,小姑,2
2956,小姑娘,2
2957,姑娘家,1
2958,娘家,1
2959,家家,1
2960,两幅,1
2961,幅面,1
2962,面孔,1
2963,可恶,2
2964,放出,1
2965,喇叭,6
2966,指甲,2
2967,巧,1
2968,硝基,1
2969,硝基苯,1
2970,氰化,5
2971,氰化物,5
2972,＝,1
2973,杏仁,6
2974,制,1
2975,霸,1
2976,那里,1
2977,小妹,2
2978,小妹妹,1
2979,信息,1
2980,嗅,2
2981,枕头,17
2982,？！！！,1
2983,微,1
2984,属性,1
2985,上扬,2
2986,不敢,4
2987,指,4
2988,柯,1
2989,南,2
2990,闻,3
2991,得出,1
2992,不单,1
2993,睡,2
2994,子会,1
2995,心肌,5
2996,心肌梗塞,5
2997,梗塞,5
2998,肺部,1
2999,积液,1
3000,回答,2
3001,躲避,1
3002,避开,1
3003,确定,1
3004,葫芦,1
3005,唱,1
3006,觊觎,1
3007,房颤,1
3008,室颤,1
3009,咱,3
3010,杏仁露,2
3011,住嘴,1
3012,扬,1
3013,杨,2
3014,骨子,1
3015,骨子里,1
3016,这种,5
3017,不失,1
3018,月饼,1
3019,诡计,1
3020,诡计多端,1
3021,多端,1
3022,偷笑,5
3023,心咒,3
3024,没用,1
3025,拍成,1
3026,或,1
3027,可惜,1
3028,题目,1
3029,危险,2
3030,橘子,1
3031,子花,1
3032,其,1
3033,飘,1
3034,甚远,1
3035,芸芸,1
3036,冷,5
3037,一觉,1
3038,觉醒,1
3039,醒来,1
3040,条,4
3041,刺,1
3042,猹,1
3043,四合,1
3044,四合院,1
3045,咽,3
3046,时长,2
3047,进展,1
3048,迅速,1
3049,ame,1
3050,起色,1
3051,色心,1
3052,洋,1
3053,,1
3054,噢,1
3055,色泽,1
3056,好闻,1
3057,早上,1
3058,上起,1
3059,洗脸,1
3060,刷牙,1
3061,科学,2
3062,笑场,2
3063,陷进,1
3064,螺蛳,1
3065,星际,1
3066,荒,1
3067,真早,2
3068,房子,3
3069,那它,1
3070,抖,3
3071,音,3
3072,火烧,1
3073,烧得,1
3074,旺,1
3075,慢,1
3076,九分,1
3077,蚊虫,1
3078,赶脚,1
3079,心梗,1
3080,有戏,1
3081,哎哟,2
3082,十分钟,2
3083,hhhhhhhhhhhhhhhhh,1
3084,张,3
3085,床,7
3086,14,1
3087,!!!,1
3088,尼,1
3089,陀,1
3090,佛,2
3091,清心寡欲,1
3092,寡欲,1
3093,南无阿弥,1
3094,阿弥陀,1
3095,阿弥陀佛,1
3096,弥陀,1
3097,赵云,1
3098,旁边,1
3099,念,1
3100,一晚,2
3101,咒语,1
3102,苦杏仁,1
3103,化学,1
3104,老师,1
3105,教,1
3106,耳朵,4
3107,选项,1
3108,土地,5
3109,干脆,1
3110,演说,1
3111,,5
3112,恨,4
3113,块,3
3114,],1
3115,及,1
3116,l,1
3117,,1
3118,幕,1
3119,先剪,1
3120,剪指甲,1
3121,K,1
3122,於,1
3123,,1
3124,原因,2
3125,立,1
3126,R,1
3127,枕,4
3128,^,1
3129,尤里,1
3130,土地公,1
3131,公公,1
3132,某人,1
3133,表面,1
3134,看似,1
3135,镇定,1
3136,v,1
3137,腿,8
3138,心乱,1
3139,进,2
3140,结合体,1
3141,合体,1
3142,无望,1
3143,右心房,1
3144,心房,2
3145,收纳,1
3146,全身,2
3147,静脉,3
3148,静脉血,2
3149,通过,3
3150,右心室,1
3151,心室,2
3152,肺动脉,2
3153,动脉,4
3154,泵,2
3155,中流,1
3156,肺,1
3157,气体,1
3158,交换,1
3159,变成,1
3160,含氧,1
3161,丰富,1
3162,动脉血,1
3163,肺静脉,1
3164,送至,1
3165,左心,2
3166,左心室,1
3167,主动脉,1
3168,向,1
3169,此地,1
3170,不宜,1
3171,久留,1
3172,溜之大吉,1
3173,大吉,1
3174,个别,1
3175,大木,1
3176,大木头,1
3177,膝,3
3178,肢体,1
3179,接触,1
3180,笨蛋,1
3181,撒尿,1
3182,e,2
3183,拉回,1
3184,拉回去,1
3185,回去,3
3186,酮,3
3187,洞房,1
3188,缪,2
3189,喷花,2
3190,花露,3
3191,花露水,3
3192,露水,3
3193,不止,2
3194,白狐,1
3195,脸儿,1
3196,躺,7
3197,怀里,2
3198,演出,1
3199,猴,1
3200,KY,1
3201,宿,1
3202,落枕,1
3203,干柴,1
3204,干柴烈火,1
3205,烈火,1
3206,通讯,1
3207,通讯录,1
3208,行事,2
3209,盘腿,1
3210,润,1
3211,信,1
3212,臭豆腐,1
3213,人才,1
3214,不必,1
3215,？(,1
3216,喇叭花,1
3217,花都,1
3218,蔫,1
3219,你们好,2
3220,枕着,1
3221,孙,1
3222,老板,1
3223,随身,1
3224,身背,1
3225,背包,1
3226,害得,1
3227,嘴巴,1
3228,不能不,1
3229,不能不要,1
3230,湖,1
3231,臭,1
3232,实是,2
3233,md,2
3234,眯,1
3235,全程,2
3236,姨父,1
3237,嘘,1
3238,之间,1
3239,特写,2
3240,南宫,2
3241,仆,2
3242,射,2
3243,实在,1
3244,心跳,3
3245,能变,4
3246,,1
3247,意,1
3248,g,1
3249,转移,1
3250,话题,1
3251,双人,1
3252,双人床,1
3253,不爽,1
3254,不爽快,1
3255,爽快,2
3256,外表,1
3257,内心,1
3258,攻陷,1
3259,就是说,1
3260,红点,1
3261,剪,1
3262,从头,1
3263,从头到尾,1
3264,挺快,1
3265,心律,1
3266,心律不齐,1
3267,不齐,1
3268,趴在,1
3269,放肆,1
3270,干坏事,1
3271,坏事,1
3272,吓唬,1
3273,刁钻,1
3274,想变,1
3275,不变,1
3276,时间,2
3277,第一晚,1
3278,舅,1
3279,爸,1
3280,触,2
3281,不早,1
3282,体香,1
3283,严肃,1
3284,语气,1
3285,惊讶,1
3286,前边,1
3287,拉开,1
3288,聊,1
3289,截图,1
3290,寤寐,1
3291,求之不得,4
3292,对视,1
3293,直白,3
3294,不得了,1
3295,妄想,1
3296,拐跑,1
3297,骂,1
3298,鲸骨,1
3299,老道,3
3300,欣慰,1
3301,媳妇儿,2
3302,妇儿,2
3303,百,2
3304,因,1
3305,必,1
3306,果,1
3307,劫数,2
3308,城里,1
3309,城里人,1
3310,里人,1
3311,室友,3
3312,仨,1
3313,心善,1
3314,面,1
3315,姐们,2
3316,紫,17
3317,锭,16
3318,能行,17
3319,下次,2
3320,？！！,2
3321,,1
3322,时,1
3323,响,1
3324,HAH,1
3325,沉默,1
3326,ohhhhhhhh,1
3327,酒瓶,1
3328,酒瓶盖,1
3329,瓶盖,1
3330,盖儿,1
3331,怀疑,1
3332,河里,9
3333,心理,1
3334,心理咨询,1
3335,咨询,1
3336,？（,2
3337,闺,1
3338,蜜,1
3339,道姑,1
3340,祭品,1
3341,？）,2
3342,丫,1
3343,舍,1
3344,手动,2
3345,ohh,14
3346,结巴,5
3347,中生,1
3348,那不就,1
3349,情结,1
3350,一时,1
3351,一时间,1
3352,ohhh,2
3353,疗,6
3354,岳,1
3355,绮罗,1
3356,穿点,1
3357,家长,6
3358,苹果,29
3359,灵川,3
3360,镇,2
3361,桂林,1
3362,桂林市,1
3363,灵川县,1
3364,很甜,2
3365,魔幻,1
3366,手机,1
3367,连了,1
3368,女婿,3
3369,回家,5
3370,炮,5
3371,最强,2
3372,OHH,1
3373,ohhhh,1
3374,最好,1
3375,复活,1
3376,51,1
3377,16,1
3378,学会,1
3379,九龙,1
3380,拉马,1
3381,定能,1
3382,变相,1
3383,表白,2
3384,贡品,1
3385,供奉,3
3386,石,1
3387,拿到,1
3388,谈话,2
3389,治疗,3
3390,1988,2
3391,白方,1
3392,方法,2
3393,学到,2
3394,姨母,1
3395,小孩,1
3396,小孩子,1
3397,我俩,1
3398,普通,2
3399,通同,2
3400,同事,2
3401,”“,1
3402,今,1
3403,,1
3404,は,1
3405,がきれいですね。,1
3406,jio,1
3407,自由,2
3408,一天,6
3409,饼干,1
3410,an,1
3411,apple,1
3412,day,1
3413,put,1
3414,the,1
3415,doctor,1
3416,away,2
3417,超度,5
3418,xsl,1
3419,裤子,4
3420,简称,1
3421,供给,1
3422,败家,1
3423,家姑,1
3424,吃货,1
3425,还给,1
3426,再来一个,1
3427,家里,2
3428,霍霍,1
3429,jie,1
3430,hun,1
3431,忽悠,2
3432,一首,1
3433,小苹果,1
3434,医生,3
3435,香火,1
3436,长寿,1
3437,纯属,1
3438,嫖,2
3439,可否,1
3440,你家,1
3441,远离,1
3442,绊,1
3443,忽然,1
3444,白色,1
3445,服好,1
3446,巫女,1
3447,女服,1
3448,面对,1
3449,自古以来,1
3450,以来,1
3451,永远,1
3452,buff,1
3453,跟我走,1
3454,石像,9
3455,存在,1
3456,夺得,1
3457,一线,1
3458,一线生机,1
3459,生机,1
3460,朋,1
3461,友,1
3462,女儿,1
3463,嫁出,1
3464,嫁出去,1
3465,渣,3
3466,有事没事,1
3467,撩人,1
3468,帮,9
3469,姜饼,1
3470,人儿,1
3471,劝,2
3472,放下,2
3473,仇恨,2
3474,仇,1
3475,已,1
3476,报,1
3477,早日,1
3478,轮回,1
3479,古装剧,1
3480,夫君,1
3481,得住,1
3482,白领,1
3483,V,2
3484,对方,1
3485,真受不了,1
3486,受不了,1
3487,里面,1
3488,件,1
3489,好事,1
3490,通病,1
3491,加速,1
3492,嘻嘻,4
3493,有用,1
3494,开窍,1
3495,会约,1
3496,纸人,1
3497,发际,2
3498,说出,1
3499,实现,1
3500,比我强,1
3501,堪忧,1
3502,绊倒,1
3503,好几,1
3504,好几个,1
3505,做成,1
3506,功德,1
3507,分不开,1
3508,不开,1
3509,思想,1
3510,能带,1
3511,带回家,1
3512,何止,1
3513,三生,1
3514,三生有幸,1
3515,生有幸,1
3516,有幸,1
3517,扑倒,2
3518,姜,1
3519,滋滋,2
3520,没得,1
3521,居心,1
3522,何在,2
3523,数,1
3524,婆,1
3525,）…,1
3526,爆,1
3527,装备,1
3528,一对,2
3529,往后,1
3530,血书,2
3531,周边,2
3532,论,1
3533,专业,3
3534,重要,1
3535,重要性,1
3536,自动,2
3537,跳转,1
3538,转下,1
3539,水晶,1
3540,水晶球,1
3541,woooooo,1
3542,好乖,3
3543,几秒,1
3544,大叔,5
3545,玻璃,11
3546,玻璃球,6
3547,盒,5
3548,鞋子,2
3549,近战,1
3550,远程,1
3551,揍,5
3552,神灵,1
3553,染,1
3554,着实,1
3555,萌,1
3556,地,1
3557,冻得,1
3558,恭喜,1
3559,两位,2
3560,嘉宾,1
3561,伶,15
3562,歪,2
3563,日,1
3564,婕,1
3565,乖巧,1
3566,小哥,2
3567,善良,2
3568,遮雨,1
3569,何,1
3570,沙丘,2
3571,出电,1
3572,实属,1
3573,F,1
3574,u,1
3575,,2
3576,搬,1
3577,砖,1
3578,武功,1
3579,菩萨,3
3580,狡猾,2
3581,啃,1
3582,衣,2
3583,肝,1
3584,疼,1
3585,彩虹,1
3586,（（,1
3587,暗示,1
3588,泪,2
3589,目,1
3590,仙,2
3591,四,1
3592,眼中,1
3593,悲,1
3594,快要,1
3595,哪位,1
3596,友人,1
3597,弹珠,9
3598,金主,2
3599,蛮高,1
3600,副,2
3601,悲剧,2
3602,尚有,1
3603,无心,1
3604,怕鬼,1
3605,未,1
3606,伤,2
3607,分毫,1
3608,怕人,1
3609,遍体,1
3610,遍体鳞伤,1
3611,鳞伤,1
3612,球,1
3613,第一眼,1
3614,一眼,1
3615,眼看,1
3616,看成,1
3617,郭,2
3618,麒麟,2
3619,三度,1
3620,拜托,3
3621,聊斋,1
3622,逊,1
3623,抓手,1
3624,H,1
3625,难,1
3626,抉择,1
3627,二十,1
3628,二十分,1
3629,二十分钟,1
3630,秒,1
3631,宋,1
3632,威龙,1
3633,ming,1
3634,情真,1
3635,G,1
3636,情节,1
3637,安排,1
3638,排得,1
3639,报答,1
3640,故事,1
3641,支,1
3642,,1
3643,c,2
3644,,1
3645,昂,1
3646,哥们,1
3647,小时候,3
3648,何罪之有,1
3649,这时,1
3650,鹤,1
3651,氅,1
3652,抢戏,1
3653,砸,2
3654,啥时候,1
3655,(⊙,1
3656,o,1
3657,⊙),1
3658,T,2
3659,n,1
3660,hahah,1
3661,好怀念,1
3662,怀念,1
3663,婉,1
3664,麻烦,1
3665,村民,7
3666,迫害,1
3667,想报,1
3668,报复,3
3669,他们,6
3670,陪,3
3671,身边,1
3672,……”（,1
3673,自家,1
3674,家种,1
3675,好似,1
3676,香槟,1
3677,喽,1
3678,主线,1
3679,特别,1
3680,特别篇,1
3681,吓老,1
3682,溜溜球,1
3683,网络,1
3684,年轻,1
3685,年轻人,1
3686,讲武,1
3687,出不去,1
3688,进不来,1
3689,大佬,1
3690,千年,1
3691,红富士,1
3692,富士,1
3693,绿衣,1
3694,一块,2
3695,布,1
3696,人手,1
3697,来不及,1
3698,高山,1
3699,高山流水,1
3700,流水,1
3701,观看,1
3702,村长,17
3703,男女,1
3704,前提,1
3705,低阶,1
3706,好样,2
3707,看电视,1
3708,无忧,1
3709,无忧无虑,1
3710,无虑,1
3711,不受,1
3712,世俗,1
3713,拘束,1
3714,好比,1
3715,谁错,1
3716,有罪,2
3717,摄像,1
3718,摄像机,1
3719,而,2
3720,看不到,1
3721,种质,1
3722,优秀,1
3723,投资,4
3724,祸害,1
3725,害人,1
3726,锤子,2
3727,正道,1
3728,长相,1
3729,靠北,1
3730,神像,2
3731,战,1
3732,五,1
3733,滚,2
3734,臭男人,1
3735,男人,1
3736,受苦,1
3737,伤害,1
3738,鲨,1
3739,玻璃弹珠,2
3740,多方,1
3741,帮助,1
3742,得罪,1
3743,资助,1
3744,逃跑,1
3745,？？？？？？？？？？？？？…？？？？？？？？？？？？？,1
3746,天水,4
3747,该死,2
3748,村口,1
3749,玻璃珠,2
3750,臧,1
3751,亲戚,1
3752,道具,2
3753,真多,1
3754,多特,1
3755,特写镜头,1
3756,猥琐,3
3757,老村,1
3758,事儿,2
3759,交给,1
3760,没事儿,1
3761,审,1
3762,水灵,1
3763,主演,1
3764,还好,3
3765,附,1
3766,亲自,1
3767,亲自动手,1
3768,动手,1
3769,手把,1
3770,只有,2
3771,一只,1
3772,无罪,13
3773,老家,1
3774,老家伙,1
3775,拿开,1
3776,村子,1
3777,点破,1
3778,破败,1
3779,恶心,1
3780,哭成,1
3781,蓝,2
3782,胖子,1
3783,呸,14
3784,制片,2
3785,制片人,2
3786,老头,2
3787,活该,2
3788,说句实话,1
3789,实话,1
3790,做不了,1
3791,白话,1
3792,脏,1
3793,干净,1
3794,早就,1
3795,猥琐男,1
3796,认识,1
3797,影视,1
3798,影视剧,1
3799,珠,1
3800,看吧,1
3801,救人,1
3802,对应,1
3803,前文,1
3804,无能,2
3805,无能为力,2
3806,袖手,2
3807,袖手旁观,2
3808,旁观,2
3809,不配,1
3810,实体,1
3811,拦不住,1
3812,主帅,1
3813,拍得,1
3814,短句,1
3815,奇,2
3816,,1
3817,go,1
3818,殉情,1
3819,很贵,1
3820,经常,1
3821,日子,1
3822,真实,1
3823,蹲,1
3824,裹脚,1
3825,裹脚布,1
3826,亲切,1
3827,一块钱,1
3828,块钱,1
3829,最终,1
3830,合成,1
3831,上架,1
3832,老不死,1
3833,举高,1
3834,高高,1
3835,做到,1
3836,哪样,1
3837,亲人,1
3838,其他,2
3839,其他人,2
3840,他人,2
3841,可靠,1
3842,吻痕,1
3843,丧,1
3844,漂,1
3845,狂,2
3846,亮,1
3847,差距,1
3848,非,1
3849,见死不救,1
3850,实乃,1
3851,真人,1
3852,真人版,1
3853,大陆,1
3854,命,1
3855,何况,1
3856,非亲非故,1
3857,恒久,1
3858,忍耐,2
3859,恩,1
3860,慈,1
3861,不嫉妒,1
3862,嫉妒,1
3863,不自,1
3864,自夸,1
3865,张狂,1
3866,事,1
3867,不求,1
3868,益处,1
3869,不轻,1
3870,轻易,1
3871,易发,1
3872,发怒,1
3873,不计,1
3874,计算,1
3875,恶,1
3876,不义,1
3877,真理,1
3878,凡事,4
3879,包容,1
3880,事相,1
3881,相信,1
3882,盼望,1
3883,永不,1
3884,止息,1
3885,找来,1
3886,发条,2
3887,比什,1
3888,加人,1
3889,Bsp,1
3890,这家,1
3891,遇到,3
3892,才能,1
3893,能动,1
3894,跳井,2
3895,有意识,1
3896,意识,1
3897,关键,1
3898,关键时刻,1
3899,时刻,1
3900,送死,1
3901,解脱,1
3902,上甘岭,1
3903,拿走,1
3904,一千,1
3905,罪有应得,1
3906,应得,1
3907,冷漠,13
3908,深海,1
3909,居,1
3910,世说,2
3911,鲛,2
3912,剧组,1
3913,组人,1
3914,人员,1
3915,好熟,1
3916,瞎猜,1
3917,忍,11
3918,吴,1
3919,签,1
3920,前世,1
3921,沃,1
3922,很大,4
3923,挡,2
3924,牛马,1
3925,兮,6
3926,悲伤,1
3927,说起,1
3928,第一个,1
3929,领,1
3930,盒饭,1
3931,本分,3
3932,情分,1
3933,本能,1
3934,自私,14
3935,时事,1
3936,同意,2
3937,红字,2
3938,错误,1
3939,依旧,1
3940,可怜,2
3941,44,1
3942,太棒,1
3943,太棒了,1
3944,重发,1
3945,合作,1
3946,没了,1
3947,对错,2
3948,塔里,1
3949,yyds,1
3950,村里,2
3951,带大,1
3952,逃走,1
3953,净,1
3954,脑子,1
3955,不剩,1
3956,剩下,1
3957,轻,1
3958,踹,3
3959,几脚,1
3960,反过,1
3961,反过来,1
3962,帮凶,3
3963,大军,1
3964,搞笑,1
3965,无所,1
3966,无所谓,1
3967,助纣为虐,1
3968,候,1
3969,呈,1
3970,h,1
3971,捧杀,1
3972,相对,1
3973,新人,1
3974,完蛋,1
3975,仁至义尽,3
3976,从小,1
3977,小看,1
3978,长大,1
3979,漠视,1
3980,火坑,2
3981,告诉,1
3982,彻,1
3983,败,1
3984,好感,1
3985,济公,1
3986,惹不起,2
3987,拦,3
3988,自个,1
3989,大道,1
3990,至,1
3991,公,1
3992,十,1
3993,总会,1
3994,大大,1
3995,花姑娘,2
3996,西皮,1
3997,悟,1
3998,直说,1
3999,是因为,1
4000,跳进,1
4001,冤魂,1
4002,办法,1
4003,人之常情,2
4004,常情,2
4005,罢了,2
4006,偶像,1
4007,偶像剧,1
4008,的确,1
4009,头套,1
4010,自私自利,1
4011,私自,1
4012,自利,1
4013,开玩笑,1
4014,玩笑,1
4015,不忍,1
4016,怕死,1
4017,作死,1
4018,逝,1
4019,草莓,1
4020,青,1
4021,冤有头,1
4022,冤有头债,1
4023,债有主,1
4024,推,1
4025,恶人,1
4026,一脚,1
4027,一堆,1
4028,娶,1
4029,帮忙,1
4030,架,1
4031,性质,1
4032,不一,1
4033,遇到困难,1
4034,困难,1
4035,自保,1
4036,没什么,1
4037,封建,1
4038,封建社会,1
4039,社会,1
4040,如果,1
4041,果真,1
4042,流氓,1
4043,做鬼,1
4044,不放,1
4045,不放过,1
4046,放过,1
4047,发慈悲,1
4048,慈悲,1
4049,那边,1
4050,眨眼,1
4051,答案,1
4052,情况,1
4053,包括,1
4054,路人,1
4055,共,1
4056,糟老头子,1
4057,老头子,1
4058,头子,1
4059,一边,1
4060,次,1
4061,区,1
4062,姑,1
4063,不容,1
4064,官,1
4065,报仇,1
4066,牵扯,1
4067,踢,1
4068,保护,1
4069,盯,1
4070,不正,1
4071,不正经,1
4072,休想,1
4073,体贴,1
4074,体贴入微,1
4075,贴入,1
4076,入微,1
4077,有错,1
4078,很小,1
4079,忍忍,1
4080,粗暴,1
4081,呃,1
4082,nan,1
