,弹幕
1,5
2,？哈哈哈哈哈哈哈哈法术开
3,5
4,BGM起起落落，老夫的心脏啊
5,在下赵子龙
6,没想到阿泽是卡哇伊1
7,嗯～那我就放心了
8,非常好，直奔主题！
9,好家伙，这上来就问
10,这一段真可爱哈哈哈
11,她是你的心上人！！！
12,你命中注定的老婆！
13,哈哈哈哈！昆明的朋友报道！
14,眼神变了
15,充电五分钟，通话两小时
16,焯，我也叫阿泽，瞬间出戏
17,BGM拉我回到了仙剑三神魔之井……
18,我从东土大唐来，往西天取经去
19,哈哈哈哈哈哈有点想磕
20,想吃豆腐
21,搓手不及
22,自古红蓝出cp
23,你的充电宝
24,啥都好，调色师该鱿鱼了
25,凭本事刷到第二集
26,剧本很可以啊，给编剧一个赞
27,嬉皮笑脸是吧
28,疯狂流汗，我家oc也叫阿泽
29,你有啦哈哈哈哈哈
30,嘴形是：太巧了，我也单身！！！
31,是心动的感觉
32,很好，结印了
33,朝朝你不该这么话的！哈哈！
34,原来竟是充电宝?!(>n<)
35,太巧了，我也单身
36,不需要理由
37,不需要理由
38,不需要理由
39,不需要理由
40,不需要理由
41,不需要理由
42,想吃豆腐
43,不需要理由
44,想吃豆腐
45,想吃豆腐
46,不需要理由
47,想吃豆腐
48,不需要理由
49,不需要理由
50,从陌生人到恋人
51,吉可爱帅giegie
52,7分钟，啊，我吉！拙荆令诸位见笑了。
53,哈哈哈哈哈哈哈哈哈哈
54,一记直球
55,下集一起吗
56,成都AG・啊泽
57,先磕为敬
58,数据记住我。
59,人生三问来了？
60,诶这不算近的呀
61,嗯～
62,5个人！
63,演的很好诶
64,哪里能看完整版
65,怎么这么短！！！
66,笑死我了
67,穿越了
68,充电宝
69,措手不及可以这么用吗？
70,？猎魔人的徽章
71,是心动的感觉
72,好主动
73,阿泽有点像王子文
74,我有阿泽同款汉服。
75,北冥神功
76,我去，仙剑三魔界地图的bgm
77,看了等于没看系列
78,阿泽很主动嘛
79,这个好像是一个电视剧吧？
80,哎，这对比不就出来了吗
81,那我走?
82,很好，请继续
83,好可爱啊
84,没有啊
85,4个人！
86,充电宝
87,哈哈哈哈哈
88,这山有点耳熟
89,阿泽好直接
90,充电宝
91,这个不是那个师父吗
92,大数据记住我
93,道侣，你好呀
94,哈哈哈
95,散修咯
96,不知道为什么好好笑
97,静电咯！
98,噗哈哈哈哈哈哈
99,哈哈哈哈
100,我去
101,哈哈哈哈哈哈
102,哈哈哈哈哈哈哈
103,充电宝
104,哈哈哈哈哈
105,！！
106,啊啊啊啊啊啊啊
107,耶
108,灵剑山行不？
109,那我走？
110,233333
111,老吉绝绝子
112,哈哈哈
113,白衣服的太美了
114,来电了？？？
115,喵喵喵
116,阿泽是1
117,刚刚
118,草率了
119,笑死
120,老吉才是1
121,哈哈哈哈哈哈哈哈哈哈哈哈哈叮~
122,从来处来，往去处去
123,比她大
124,又靠近了
125,想吃豆腐
126,阿泽是个能干大事的
127,握草 单视频循环了
128,不 后面很虐
129,有
130,为什么没有亲亲
131,握草 6个人！
132,有人吗
133,她是劫
134,在下程咬金
135,长水机场哈哈哈哈哈哈哈哈哈哈哈哈
136,长水机场那个你是不是有毒
137,她是你老婆
138,你的心上人
139,一个168一个165绝配啊这身高
140,我从东土大唐而来，往你心里去
141,我叫阿泽，你未来老婆！！！
142,好有万茜和王子文的即视感
143,阿泽实不相瞒在下十分想绿了你
144,兰泽多芳草 采之遗朝云
145,是劫！！嘿嘿嘿
146,这特么叫近？
147,） |
148,实不相瞒，我也想绿你
149,贫僧从东土大唐而来，前往西天拜佛求经
150,吉妹贴贴
151,嘿嘿嘿
152,东土大唐而来 往西天取经去（bushi
153,奉劝这位小道女别高兴太早，人家说没有道侣说不定是单身主义者呢
154,这bgm很懂嘛
155,前面oc叫阿泽那位别走，我叫朝云（汗
156,看把孩子期待的
157,阿泽，实不相瞒，我想绿你
158,糟糕，心动的感觉！
159,我不修道我修你
160,好平
161,卧槽，腐女兔子？
162,飞机场
163,）   [  这个我看懂了草哈哈哈哈哈哈哈
164,我叫率来吧
165,触电了
166,这就渡劫了？
167,生死劫？
168,白豆腐既视感
169,做甚
170,混元一派，专修世界第一等混元功法
171,红衣服妹妹像李若彤
172,结个道侣岂不妙哉
173,她就是你的天劫啊
174,对Q，要不起
175,???这叫近
176,你的命中情人
177,）     [
178,东土大唐而来，前往西方取经。
179,好涩的小姐姐
180,hehuanpai有可能是喊你修道路
181,东土大唐而来，前往西天拜佛求经
182,说走就走
183,别走
184,拉老婆的手还需要理由吗
185,在下历飞羽 无名之辈
186,播放量不高啊
187,好短啊太短了不够看
188,吉哥哥
189,吉哥哥
190,你的心上人
191,这也算近？！白衣快贴上去让她看看什么叫近！
192,你好短
193,我咋感觉她俩长一样，我脸盲成这样了吗
194,天然想亲近吉妹呗
195,ccc 快更新
196,是慕云掌门
197,吉哥哥
198,难道…她就是我命中注定的老婆？
199,在昆明
200,爱吉妹
201,吉妹，吉妹，吉妹
202,吉妹真可，吧唧一口亲上去，
203,突然吓人
204,你是修仙吧?都修穿越了
205,吉妹看着像受
206,大唐东土而来...
207,真命天女？？？
208,把我杀了给二位姐姐助兴（某鬼遗言）
209,吉吉国王
210,昆明长水国际机场
211,新鲜的东西那么多，你就好奇这个了
212,吉妹像个木头人一样
213,百合姐妹
214,这是那个掌门人吗？
215,橘势大好
216,你不是叫老吉吗
217,阿泽的浴巾去哪里了？
218,难道她是我老婆？
219,吉妹在阿泽面前有点闷
220,修道的吉妹
221,啊啊啊啊啊啊啊姬女尖叫
,弹幕
1,门边的WC指路牌露了哈哈哈哈哈哈哈
2,啊阿啊害怕，我是来补充糖分的啊
3,聚聚！！
4,只顾着看脸了
5,诶呦我去哈哈
6,好家伙 阿泽快跑！！
7,我刚才单集循环了
8,聚聚
9,聚聚！！
10,元素视野那个过分了「原来你也玩原神（
11,啊啊啊啊好帅
12,人多点呜呜呜害怕
13,鄙人用的是刀背（（））
14,哈哈哈哈哈，妈咪妈咪哄可还行
15,哈哈哈哈哈哈哈哈哈草有那味了
16,全是聚聚哈哈哈哈
17,MD笑死我了，念咒之后居然是扇巴掌走你！！
18,哈哈哈哈哈哈哈哈好可爱
19,啊啊啊啊姐姐我死了啊啊啊救我
20,哈哈哈哈哈怎么是妈咪妈咪哄
21,啊啊啊啊啊啊啊怎么这么帅啊啊啊啊啊
22,奇怪的音效增加了
23,在现场我是发带
24,姐姐！
25,聚聚！！！
26,笑死我了哈哈哈哈哈哈哈哈哈哈哈
27,有一瞬间吓到了我
28,哈哈哈物理驱鬼
29,这个真的画质特效剧情都很棒啊绝辣 演员也很不错哇
30,BGM都变了哈哈哈哈哈哈
31,哈哈哈哈哈哈笑疯了
32,有当初仙剑奇侠传那味儿了
33,聚聚！！
34,哈哈哈哈哈哈哈哈哈哈好随意
35,哈哈哈哈哈猝不及防
36,哈哈哈哈哈哈哈，为什么台词这么清新脱俗我好喜欢
37,？？？哈哈哈哈哈哈哈
38,姐姐帅死了
39,特效好帅
40,太会了
41,有一说一，拍的比很多仙侠剧好一万倍（没有doge）
42,糖豆哈哈哈
43,我靠！！姐姐好帅啊啊啊啊啊
44,啊啊啊dy没有这一幕啊，幸好来看了
45,我想为了看这个关注这个up
46,特效砍下去的时候，好帅！啊啊啊啊啊
47,吓我一跳呜呜呜（胆小）
48,只顾着看脸了
49,只顾着看脸了
50,只顾着看脸了
51,1招
52,只顾着看脸了
53,只顾着看脸了
54,只顾着看脸了
55,只顾着看脸了
56,只顾着看脸了
57,只顾着看脸了
58,只顾着看脸了
59,只顾着看脸了
60,只顾着看脸了
61,只顾着看脸了
62,啊啊啊我超级喜欢老吉耍剑，帅死了
63,为啥妈咪妈咪哄以后我突然闪退了啊哈哈哈哈哈太巧了吧
64,吉可爱的结印施法帅呆了！
65,聚聚到处跑
66,刚刚她是不是笑了啊啊啊
67,？哈哈哈哈哈哈哈哈哈哈哈
68,元素视野草了hhhhh
69,一集的悬念二集又提，救命我的心脏，有点怕
70,回：那基本是回不来了。
71,背景音乐听成斗地主我还有救吗
72,聚聚到处跑
73,啊这吓死我了
74,结界
75,古一早年间珍贵影像
76,弹幕呢？！我害怕！来人护驾啊啊啊啊啊啊啊
77,耳…耳光？？！
78,哈哈哈哈哈哈哈哈哈哈笑死我了
79,我免费了！
80,麦丽素好评
81,hhhhhhh久敏啊哈哈哈哈哈哈哈哈哈哈哈
82,妈咪妈咪哄
83,我来证明一下你开了弹幕
84,乐死我了哈哈哈哈
85,对不起，我笑的好大声
86,55555好帅
87,同道中人！哈哈哈哈哈
88,麦丽素
89,《 嘴 大 饿 极》
90,QQ糖
91,弹幕呢，我害怕
92,现在的短剧真的这么卷了吗？
93,给哈哈哈哈哈哈哈哈哈哈
94,猝不及防哈哈哈哈笑死我了
95,吓我一跳
96,手好好看啊 
97,贴贴了！！！！
98,支线get
99,买一送一了
100,spa是什么鬼哈哈哈
101,1组2组跟我来，三组四组分别从左右侧迂回
102,又是聚聚，哈哈哈
103,这个收剑爱了！！！
104,什么时候在一起
105,你刚才就在这儿啊
106,阿泽打人家一巴掌，再给个甜枣吃
107,不用关注，大数据会记住你的
108,临兵斗者，皆阵列前行
109,长得好像由淼
110,这个眼睛的特效做的好好
111,不要从外边，把手从里边往外翻就挣脱开了呀
112,你俩缘分的开始
113,吓我一跳
114,抱到老婆了
115,吓我一跳
116,兵临斗者，皆阵列在前
117,九字真言
118,哎呀笑死我了
119,哈哈哈哈哈哈哈哈哈哈哈啥玩意
120,道长你没道理啊
121,这是麦丽素（doge）
122,小艾同学：我不服、高德地图那个
123,吓我一跳
124,爷的弹幕护体呢！
125,新任务：探索长水村
126,笑死我了这台词hhhhhhhhhhhhh
127,西内～
128,通天教主:?
129,古一？
130,牛黄清心丸，认准同仁堂
131,猝不及防
132,妈咪妈咪哄哄妈咪妈咪哄~哄
133,这唐刀收得好轻盈
134,吓我一跳
135,还是凉刀好用
136,老吉也太帅了啊
137,你刚才就在这儿啊。
138,卧槽这什么神仙电视剧水平
139,气氛把握的很好
140,我靠我靠，太戳我审美了，般配
141,进度条过半
142,崇拜的小眼神
143,前面的那原神Π
144,聚聚加一
145,救命这个背景音乐是我每天晚自习练字的音乐
146,聚聚无处不在
147,阿泽：梅开二度，妈咪妈咪哄
148,卷起来卷起来
149,这制作可以啊，比某些古偶都用心
150,又是聚聚
151,这镜头切的好酷
152,同道中人啊！
153,古一？
154,yooooooo~
155,元素视野启动！
156,吓我一跳
157,接、化、发
158,【是否接受支线任务:寻找老奶奶家人】
159,这恰到好处不过分夸张的特效，好评！
160,阿泽还挺有同情心
161,超越之力
162,聚聚无处不在
163,聚聚无处不在
164,高德地图持续为您导航
165,自古红蓝出CP
166,聚聚无处不在
167,聚聚无处不在
168,获得任务
169,惊奇队长暴打老奶奶
170,啊啊啊啊啊啊啊
171,弹幕护体我有点怕怕
172,渴死我了
173,哈哈哈哈哈
174,都吓出国粹了
175,这是QQ糖 可好吃了
176,这个手嘿嘿
177,五毛特效
178,真的吊打某些剧
179,前方胆小的朋友注意一下
180,嘴大饿极的那个你够了，笑死我了哈哈哈哈
181,虽然说只是一些五毛钱特效但我看的津津有味
182,太好看了吧
183,聚聚
184,哇哦⊙66⊙！ 赞赞赞赞赞
185,有点恐怖
186,这镜切的不比控台好（哼！
187,伸腿瞪眼丸
188,从此出看来女主确实学艺不精
189,啊这场景这阵仗啊是金钱的味道
190,大…大比兜
191,大娘演技有点尬哈
192,弱1强0
193,法力太弱了，哈哈哈
194,坐上长水机场的飞机跑路
195,弹幕呢！！！
196,我害怕55555
197,哈哈哈哈哈哈
198,又粗言鄙语了刚刚
199,说缘分是约定的前面那位，老泰戈尔党了
200,恐怖题材吗
201,发一下吧，我害怕
202,帅死了
203,你的也很奇特
204,啊啊啊弹幕护体
205,吓死我了
206,配音好出戏
207,好吓人
208,这个好短啊
209,牛黄清心丸
210,因为疫情被封村了。。。
211,去spa
212,护驾
213,哈哈哈
214,哈哈哈哈哈
215,好看好看
216,恐怖篇吧
217,太好看了
218,啊啊啊冲冲冲
219,那你记不记得有人打了你一个耳光
220,聚聚哪都有
221,？
222,弓弩手占领制高点，盾牌兵探路，马槊探路
223,弹幕护体
224,弹幕哪里去了？护法护法
225,上清彤彤
226,芜湖
227,笑死了麦丽素
228,救命我写的小说男主也叫阿诚，这叫我怎么写他和女主腻歪的情景
229,111111
230,阿泽：奶奶，你有事吗，没事就吃个溜溜梅吧
231,？？？？
232,肝病的表现……前面那位你要笑死我
233,误会了
234,这是木刀吧
235,我也想演这个老婆婆 可以摸姐姐脖子
236,再来句，去你个头呀
237,有确诊病例了
238,枣阳汉城
239,笑死我了
240,她笑了她笑了！
241,震惊！路边一女子与一老奶奶起冲突，老奶奶竟想掐死女子，究竟是人性的扭曲还是道德的沦丧！
242,哈哈哈哈哈哈哈哈哈哈哈哈哈
243,好像赵嘉敏啊
244,三水哈哈哈哈
245,橘势大好
246,好哈哈哈哈哈哈哈哈哈哈哈笑死我了
247,哈哈哈哈哈哈哈哈哈哈哈哈哈哈哈哈哈哈哈哈
248,老公
249,好好笑
250,哈哈哈哈哈呵呵，猝不及防
251,你没碰我就是对我最大的侮辱
252,我没有
253,no
254,你侮汝了我
255,您来的时候就是黄昏
256,都黄昏了
257,这打戏比雪中悍刀行强
258,有yi点点的尬而已doge
259,好家伙真就全b站都是聚聚
260,吓死了
261,我也来
262,这不比现在的电视剧好看？
263,woooooooo
264,聚聚！
265,？？？
266,哈哈哈哈哈哈哈哈哈哈哈哈
267,哈哈哈哈哈
268,都多发点弹幕吧怪吓人的
269,噗哈哈哈哈哈
270,我不信，高质量剧没人看
271,啪
272,走你
273,hhh
274,嘿嘿
275,承包空屏
276,啊啊啊
277,大制作啊…
278,拍的不错啊
279,哈哈哈哈哈哈哈哈啊哈哈哈哈啊哼哼哈哈哈哈哈
280,去spa
281,哈哈哈哈哈哈哈xsw
282,哈哈哈哈哈哈
283,哈哈哈哈哈哈
284,国产电视剧做不出来的特效
285,gucci的女人
286,这个手，啊啊啊。爱了
287,吓到我了
288,内个妈咪妈咪哄有点出戏
289,看大片的直视感
290,哈哈哈哈哈哈哈哈哈
291,因为请不起群演
292,橘势大好
293,吓死我了
294,哈哈哈哈哈哈哈哈哈哈哈哈哈哈哈
295,看来聚聚还蛮多的。
296,前面的聚聚别走。
297,好厉害啊
298,被隔离了
299,还真是有点像由淼
300,含河量好高
301,瞧这修长有力的手指
302,？？？？？好家伙
303,嘛咪嘛咪哄，走你，哈哈哈哈哈
304,前面那个你别说，还真有点像由淼
305,哈哈哈哈哈哈
306,吓死了
307,帅
308,这也行
309,哈哈哈哈哈哈哈哈哈哈哈
310,哈哈哈
311,哈哈哈哈哈哈
312,嗝
313,先进去再
314,朝云有水呀，藏了一壶，不给你嘿嘿
315,播放量为什么这么少
316,朝云藏了一壶水，嘿嘿
317,朝云有啊，不给你喝，哈哈哈
318,兵器不错我喜欢
319,念错了应该还是喵喵咪咪咪
320,好尬救命
321,好爱！
322,我还以为死了...
323,哎呀...
324,噗。。。。你认真的吗
325,奶奶帅死了
326,什么玩意
327,阿姨这演技....
328,有人吗
329,哈哈哈哈哈哈哈哈哈哈哈哈哈哈哈淦！！！
330,脖子是 嘿嘿嘿
331,脖子就怎么有cm
332,奶奶演技在线
333,注意，这是严重肝病的表现
334,哟哟
335,绝了，这不吊打某些剧
336,老妪的委托接取
337,这个音效太出戏了
338,哇，是金鱼还活着 
339,这剑转的！！姐姐转我！
340,怎么找到这个地方来拍的啊
341,姐姐好帅
342,这集长啊
343,啊啊啊啊
344,聚聚？
345,吓死了
346,取景地有人知道吗
347,死我了
348,好短
349,两招
350,这老太太腿脚还挺利索
351,我超喜欢这两个女的
352,哈哈哈哈哈哈哈哈哈哈哈哈哈笑死了
353,哈哈哈哈哈哈哈
354,哈哈哈哈哈哈哈
355,这个音效笑死了
356,吓一跳
357,弹幕呢
358,？
359,聚聚你好
360,这嘴角微微的浅笑怦然心动
361,哈哈哈哈哈
362,哈哈哈哈哈哈
363,口渴的话嘴唇是发干的
364,这老妇人演技好尬啊
365,聚聚别跑
366,这不比雪中悍刀行好！
367,超级平
368,吓到我了
369,节奏很好
370,被封了，哈哈哈
371,啊这
372,哈哈哈哈哈
373,这脖子也太细了叭
374,小道士~你可愿同我一起修道呀！
375,清屏？
376,握草，这个笑，wsl
377,这打戏都比雪中悍刀行强。
378,副本任务
379,英雄救美
380,哈哈哈哈哈哈哈哈哈哈哈哈哈
381,箫曲《桃花渡》，作者：陈悦
382,为啥没有弹幕护体
383,前面的聚聚别跑
384,啊这
385,要是你去拍雪中感觉要火出圈
386,哈哈哈哈
387,啊哈哈哈，真打啊
388,哦哦
389,那啥有点尬
390,111
391,111
392,为什么儿子儿媳都是单眼皮
393,收剑爱了
394,老吉拳打南山敬老院
395,脚踢北海幼儿园。
396,那么快解开，姐姐就不会很快来了
397,？？？笑死我
398,临兵斗者皆阵列前行 阵、皆？
399,整村隔离
400,h62h62h62h62h
401,不好意思 我没忍住 太突然了
402,哇塞哇塞哇塞特效按摩
403,哈哈哈哈哈哈哈
404,去spa
405,嘴角已经开始控制不住的往上走了
406,哈哈哈哈哈哈哈哈哈哈哈什么啊哈哈哈哈
407,这特效不吊打现在某些古偶剧（无奈脸
408,老奶奶：好，这是你逼我的！大招：碰瓷王！
409,因为都死光了
410,请各大修真电视剧导演好好学学，哪怕经费不足也不糊弄
411,woc这不比雪中悍刀行演的好
412,哈哈哈哈哈
413,长水村任务get
414,哈哈哈哈哈哈哈哈
415,帅的不要不要的
416,哈哈哈哈
417,大片
418,来啦来啦
419,上来就英雄救美
420,渴是什么线索吗
421,这个阿城稍微有亿点点吓人
422,被封了呗，
423,特效还不错哦
424,吉妹的汉服颜色和许仙的差不多
425,斗气化马出来挨打
426,哈哈哈哈哈哈哈哈哈哈哈哈想笑死我
427,啊啊啊爱死吉吉了
428,帅啊
429,吉可爱，吉不可爱
430,舅舅你们？
431,老公老公老公
432,帅
433,哈哈哈哈哈哈哈哈
434,眼妆真好看
435,有那味了
436,任务：探查长水村
437,送人头
438,V
439,斗退间
440,她们怎么进去？
441,这个bgm?!
442,水生村
443,你们平常不喝水吗？
444,这一关过了
445,这不是车万的bgm？
446,当街痛殴慈祥老人家
447,希望不要太恐怖
448,吓死俺了
449,请收下我的膝盖
450,好看好看
451,眼妆这还浓？？？？故意找茬是不是？化过妆吗前面的
452,入股不亏doge
453,结印
454,哇哦
455,去spa
456,眼妆有点太浓了
457,先给奶奶一口水喝吧
458,是不是另外女主的剑叫结绿
459,你敢打老人，你真有钱
460,夭寿啦！殴打老奶奶啊
461,来了
462,眼妆恐怖了一点
463,啊啊啊啊啊
464,这是麦丽素
465,嘛呢叭咪
466,help吉妹
467,但是别人要水呀
468,我想说为啥不是个长剧！这点根本不够看！朝云太完美了！[星星眼][星星眼][星星眼]67
469,？？？？
470,哈哈哈哈哈哈哈哈哈哈
471,？？？？
472,吉吉帅气收剑
473,这个微笑够腹黑的
474,吉妹抱得动阿泽吗？
475,这个收剑awsl
476,吉妹抱得动阿泽吗？
477,哇哈哈哈哈哈，帅
478,啊啊啊啊啊，吉吉子帅哦
479,老婆老婆老婆
480,哈哈哈哈哈哈哈
481,哇哦
482,灵魂呀！
483,吉妹，吉妹，吧唧一口亲上去
484,厉害了
485,音乐很妙啊
486,身高差完美
487,这不比一众国产大片精彩
488,带制作
,弹幕
1,今天又硭㈦闪~
2,这出场方式我觉得可以改进一下哈哈
3,bgm:怦然心动，一见钟情
4,吓死我了www
5,呜呜呜呜有点吓人
6,温迪那个 我穿越了 温迪2.6复刻 已经前瞻直播过了（
7,古拉娜黑暗之神：召唤老婆
8,bgm叫怦然心动，一见钟情
9,小熊猫同款眼睛你值得拥有
10,丞相何故发笑
11,卧槽吓我一跳
12,卧槽吓我一跳
13,这段百看不厌哈哈哈，朝云的反应真的好爱哈哈哈
14,哈哈哈哈微笑的嘴脸藏不住
15,我真没笑，我哭着看完的doge
16,姐姐好帅啊啊啊啊啊啊啊！
17,短剧比现在仙侠剧质量高
18,啊啊啊啊啊，突然磕到了
19,我靠我靠太帅了啊啊啊啊啊，女同竟是我自己
20,又被吓到
21,啊哈哈哈～嗝～～～
22,质量太高了，回来补三连
23,这个转身很灵性啊哈哈哈
24,穿鞋！脚会痛
25,点成为好朋友的朋友是认真的吗哈哈哈
26,小鸭太让我心动了
27,谢谢，又被吓到
28,吉吉帅惨了啊啊啊啊啊（魔怔ing)
29,巴拉拉能量小魔仙变
30,她们俩好像《云芊传》里的慕云和红焰
31,问题:姐姐是1吗
32,好家伙大晚上的
33,哈哈哈哈哈哈哈哈双色球号码笑不活了
34,谢谢，有被吓到
35,橙光游戏的音乐
36,此剧已定
37,BGM直接串戏到橙光了
38,巴啦啦能量
39,小缘~
40,大姐，铠
41,求求这个bgm呜呜呜
42,吓掉了吓到了
43,修仙用魔法阵哈哈哈哈
44,哈哈哈，直接送老婆！
45,我喝酒，不喝水（狗头）
46,哇有点恐怖
47,有被吓到
48,她好好看哦，英气，声音也好好听，清冷中带着温柔
49,这剑他很懂哈哈哈哈哈哈哈
50,这个笑完美了哈哈哈哈哈哈哈哈
51,bgm不对劲
52,《哭》
53,离谱hhh
54,丞相何故发笑
55,在一起在一起
56,我也在喝水，好巧
57,看友情也挺香的
58,六芒星是真的秀
59,下一期彩票头奖号码是？
60,哇清淡仙女有原型了
61,下期彩票号码是什么
62,标题写的好，播放少不了
63,被吓到了，刚才
64,修仙阵法六芒星，太出戏了
65,点成为朋友的叉出去（doge）
66,为什么看到这个阵法，我总有种魔法少女变身的错觉哈哈哈哈，我错了
67,成为道侣
68,清冷大师姐我太可以了
69,好家伙，都是橘势大好啊
70,5
71,4
72,有被吓到
73,5
74,5
75,5
76,果然是我
77,3
78,5
79,5
80,5
81,5
82,4
83,5
84,3
85,5
86,5
87,4
88,5
89,5
90,5
91,5
92,5
93,成为道侣
94,成为道侣
95,成为道侣
96,成为道侣
97,成为道侣
98,成为道侣
99,成为道侣
100,成为道侣
101,成为道侣
102,成为道侣
103,成为道侣
104,成为道侣
105,修仙法阵是六芒星好让人出戏啊
106,你为什么要转头！！
107,好看，就是好看，很适合阿吉
108,有刀快跑！
109,哈哈哈哈哈哈哈哈哈哈哈草
110,吓我一跳
111,俄乌局势怎么看
112,好好看的姐姐啊
113,怦然心动，一见钟情
114,吓死我了焯
115,有洛神的感觉？
116,离离原上谱
117,救命，大晚上看这个不太好
118,梦开始的地方
119,生死劫~情劫
120,百万特效
121,那个时候双色球号码是多少的过分了啊
122,短剧的质量那么高了
123,你为什么要转头！
124,救救我救救我
125,卧槽！！！！！
126,这剑有灵啊
127,我擦我关灯了我有点怕了家人们
128,啊啊啊啊啊啊啊啊
129,为什么我又想笑
130,古娜拉黑暗之神
131,情劫了，快斩了
132,纳戒：原来我还能被叫出来
133,特效笑死我了
134,开屏雷击
135,救命我好害怕
136,好像影的场景
137,好像六七七啊
138,知道了现在就喝水
139,大橘为重
140,桃花劫
141,好牛的感觉
142,吓我一跳
143,斗破苍穹：直呼内涵（纳戒）
144,呐戒
145,哈哈哈引雷来劈个倒霉蛋
146,这个阵法哈哈哈哈太魔法少女了
147,成为情侣/doge
148,WoC 他有纳戒！！！
149,大英俊帅哥，吉妹驾到，你的姻缘马上就到来
150,这个音乐疯狂心动
151,朝云的配音好御！
152,文明阿吉，哈哈哈
153,莫名感觉像郑丹妮
154, 成为道侣
155,成为情侣啊！
156,道侣
157,这法阵太出戏了hhh
158,气氛渲染的很好，有恐怖片那味了
159,哈哈哈哈哈哈
160,前面妮妮的等等我
161,？？？
162,都是妹子不用害羞
163,咦哈哈哈哈哈哈哈哈哈哈呜嘿嘿嘿嘿嘿嘿嘿
164,握草大晚上的
165,阿泽痴笑2333
166,秋裤有点花
167,大橘已定
168,弹幕真是笔死我了2333
169,前面那位有没有一种可能就是就是她俩本人呢
170,爱
171,"9m,大晚上看到，心脏骤停"
172,爱过
173,你喜欢爸爸还是妈妈
174,纳妾，开
175,看全相，要任
176,太型
177,多喝热水啊啊啊
178,哈哈哈哈哈哈
179,这道题怎么做
180,大制作
181,收剑好帅
182,情劫
183,大家都是女同嘛，见谅见谅
184,再看一次才反应过来，这段阿泽是真脱吗？啊这，，，
185,0
186,二刷
187,这是……汉城！
188,好TMD漂亮，我一个gay都有点点心动了
189,点错了
190,洗澡不卸妆
191,成为情侣
192,国标雷声素材
193,不好意思特效笑到我了［狗头保命］
194,首抽抽老婆
195,按错了。5
196,就要劈开妹妹浴巾！
197,大制作呀
198,探戈就是趟亚麻趟着走
199,都是女孩子你扭啥头？
200,woc
201,这波渡情劫了
202,渡情劫了这波
203,好美好美
204,这是五毛特效？比某些电视剧都好多了
205,这，不比古偶剧香
206,az
207,你身材一般为什么要见谅？？
208,鸡汤来咯
209,这剑有德啊
210,你有对象吗？
211,witch
212,我透，原来是情劫
213,喝啊，为什么不喝，tnnd
214,你要来此渡情劫
215,这行业卷成这样！
216,淦点错了
217,好可怕啊
218,都是女孩子，有什么不能看的
219,好吓人
220,大橘一定
221,？
222,原来身材才是重点吗？！
223,朕
224,你有女人嘛
225,召唤兽系统开启
226,双色球多少来点过分吧话说那个年代有双色球(bロb) 
227,你缺女朋友吗
228,我靠魔法少女吗
229,点错了
230,哥德巴赫猜想有最优证明吗？
231,这个转身爱了爱了
232,直女发言……
233,你穿了我的衣服，就做我的媳妇吧
234,这个BGM真的恰到好处
235,这个bgm绝了
236,[前方高能]
237,我也会转头，但是我不弯啊
238,法阵太出戏，道士不应该是五行八卦阵吗？？
239,这个羊叫...
240,橘气满满
241,卧槽？
242,这个转身爱了爱了
243,女孩子也可以爆粗口的啊
244,哇哦，bgm很懂嘛
245,虽然都有，但是突然看到也会觉得尴尬吧，况且人家身体主人也不是主动给看的
246,吧啦啦能量
247,噗
248,别吓我
249,身材一般哈哈哈哈
250,我的天
251,阿泽浴巾掉落，求吉妹的视角
252,阿泽浴巾掉落，求吉妹的视角
253,这个女孩子才是她的劫吧，
254,白酒还会涨吗
255,你渴么？
256,doinb？
257,doinb
258,这是……汉城？
259,这段整得其实算很不错了
260,同心结
261,磨豆腐磨豆腐磨豆腐磨豆腐磨豆腐磨豆腐磨豆腐磨豆腐磨豆腐
262,吓死我了
263,我TM只喝可乐不喝水
264,现在叙利亚局势你怎么看
265,这是不是在笑啊
266,Doinb
267,吓吓，有被谢到
268,会劈你就多劈点
269,这个阵。。。不如没有
270,为什么我也在跟着笑？？？
271,纳妾，谁纳妾？？？
272,这特效比国产剧还多了五毛
273,转场声音早了吧？一点都没有代入感，干嘛的？
274,为什么有魔法阵？
275,你这tm在修仙吗？
276,别穿啊
277,魔法阵
278,大橘已定
279,莫挨老子
280,成为情侣
281,穿山甲死前到底说了什么
282,温迪什么时候复课啊
283,666666
284,百合王道
285,百合！！！
286,他奶奶的
287,啊啊啊啊啊啊啊姐姐我可以
288,这场景？《影》？
289,完了完了。。
290,怎么按不到
291,妖精我要你助我修行
292,野球帝王师傅友情出演
293,你脸红个泡泡茶壶哦
294,何方道友在此渡劫
295,噗哈哈哈哈哈哈哈哈哈哈哈哈哈哈哈哈哈哈哈哈哈哈哈哈
296,探戈
297,这是在笑吧…你大爷的
298,这喝水多是一件美事啊！
299,这六芒星的阵法emmm……
300,只要胆子足够大，女鬼也得放产假
301,蛇妖，我要你住我修行
302,给摄影师加蛆
303,蛇皮
304,问题:仙女姐姐缺不缺女朋友啊？
305,瞎子也防？
306,为什么要裹着浴巾洗澡?
307,引你来渡情劫啊
308,哈哈哈哈哈哈
309,为什么好看的小姐姐那么多
310,这个阵一般般
311,这个地方的BGM好有感觉啊，求一个
312,这尼玛特效，赞了
313,穿越了
314,中西合璧是吧 
315,好家伙
316,这法阵特效图案太奇怪了吧？中国修仙用外国法阵？
317,不会是个男的吧
318,首页通知书
319,好可怕
320,百合花
321,你洗澡带浴巾的
322,哈哈哈哈啊哈哈哈哈
323,0
324,这是哭？？？
325,高级呀
326,吉吉不要你的小徒弟了嘛
327,大片
328,给我整笑了
329,笑的多开心。
330,从这里侧面来看，身材看起来应该不错嘿嘿
331,求这个BGM
332,有点像王子文
333,这不是笑吗
334,笑的挺开心啊咋说人家哭呢
335,渡劫劈出了个媳妇
336,我开心死了
337,除了恐怖片那段有点尴尬（）
338,好剑法
339,哭
340,可是现在是晚上耶
341,这哪是哭啊笑死了
342,吓死了！！！
343,日本裁判也防
344,这阵太拉跨了，不用心
345,纳妾
346,她笑了！！！！！
347,王桑？
348,这是哭
349,哈哈哈
350,这不比雪中香？！！？
351,凡人
352,这特效
353,啊啊啊啊啊
354,QQ牛里脊肉！
355,她变内裤了吗
356,我在去倒水的路上
357,你早点配这BGM也不至于吓我一大跳！
358,妈呀，你不要过来啊
359,拉s的我突然jh一紧
360,答：我喜欢
361,君子也防？？？
362,做法拉第笼了吗？
363,做法拉第笼了吗？
364,做法拉第笼了吗？
365,做法拉第笼了吗？
366,成为情侣
367,我去，古代人听得懂？
368,哈哈哈哈，水来咯
369,情劫啊
370,没想到你是这样的老吉。
371,不洗也能用
372,阵不对，你这成西方的了
373,哈哈哈哈哈哈嗝
374,我趣
375,附近有厕所吗
376,你是不是也是新东方医院出来的
377,要过天劫的人这么嫩
378,吓个屁 扔水里洗洗还能用
379,你有女朋友嘛？
380,她脸红了!
381,没想到在这里也能看见ies
382,西幻六芒星
383,想不到这就是召唤妹子的话，法阵吗
384,笑死了这个阵法
385,出现了，花秋裤
386,赞赞赞
387,你管这叫哭
388,喝水多是一件美事啊
389,扭回来啊朝云的小脑袋
390,哈哈哈哈哈哈哈哈哈哈哈哈笑死我
391,哈哈哈哈哈哈哈哈哈哈
392,这特效挺好的啊
393,求吉妹护体！
394,哈哈哈哈哈哈哈
395,姐姐 大家都是女孩子 你为什么要回头啊
396,咋有点像咚悦呢
397,鸡汤来咯
398,心脏骤停啊你不要过来啊
399,你咋知道是粗言鄙语哈哈哈哈
400,点错了
401,好棒
402,想笑死我
403,她在笑
404,wu~大片
405,哈哈哈哈哈哈哈哈
406,收回我在被子外面的脚
407,好漂亮的吉妹
408,王老吉？
409,你怕啥？
410,少女好颜艺
411,自带回音？
412,啊啊啊啊啊啊
413,她专门给我准备了水，她一定喜欢我！！！
414,这不云芊传的师傅吗
415,中国风搞六星芒 魔法少女吗
416,ta奶奶的，为什么不喝！
417,哈哈哈哈哈哈哈哈
418,水有毒
419,吓到了
420,道侣！道侣！道侣，
421,转头就是心虚
422,喝水多是一件美事啊！
423,喝呀，你倒是喝呀！
424,大橘已定
425,这是哭？
426,情劫
427,各说各的
428,喔，这特效简直能掉这内些网剧打
429,可能以为是男的吧
430,果然骨孕灵光，神气内藏
431,她有的不也有吗(狗头)
432,刚烧开的水千万不能马上喝
433,这他妈是哭？
434,特效好棒啊！
435,我擦
436,国家反诈中心APP
437,都是女的你扭啥头啊
438,小姐姐帅啊
439,害怕
440,她动心了她动心了
441,王师傅
442,首页通知书
443,君子也防？
444,所以洗澡还要化妆是吗
445,我差这点流量么
446,水有剧毒（无端联想
447,汉城？？？？？
448,两姐妹，双休？
449,标题虎狼之词
450,我giao我在喝水
451,摄影师扣鸡腿！
452,妖女休要毁我道心！
453,百合花开
454,？？？女生有啥看不得得
455,这个特效比某些古装好太多了
456,爱过，先救你，保大
457,像白鹿
458,好漂亮
459,这踏马是哭？
460,二倍速，好活儿
461,给你找老婆来咯
462,嗨，老公！
463,敢骗我直接点举报
464,老吉你怎么是个扑克脸
465,穿山甲死前到底说了啥
466,云芊传续作？
467,158
468,下期双色球号码是多少？
469,憨！！
470,你对新冠疫情怎么看
471,我的小吗
472,把兄弟当外人 是吧 
473,我又点错了
474,按错了按错了
475,你听得懂我勒个去。。
476,六星大法师
477,纳戒都出来啦，有钱人啊
478,这明明在笑都他妈没停过
479,页游法阵
480,哈哈哈
481,赞你有了
482,这不是笑吗
483,你个女的转什么？？？？？
484,给你加一个心劫
485,爱过
486,不漏出来怎么做阅读理解
487,吉妹有点嫌弃阿泽粗鲁啊，哈哈
488,谁在弄我嘎枝窝
489,特效厉害啊
490,干，拿着矿泉水的我停了下来
491,听，是浴巾掉落的声音
492,害怕
493,法阵换一个吧
494,吉妹这个播放量破10w了
495,这
496,洗澡扎着头发？
497,啧啧
498,这笑声好像虚空啊
499,什么吊法阵
500,这TM是笑
501,草
502,你是女的，扭什么头啊
503,这法阵不合适
504,我也不想被她吊啊，可她对我笑诶
505,你值得吗？
506,阿泽叨叨不休
507,大制作
508,地上是蛇皮吗
509,傻子们，女的看女的不好意思，说明这女的是姬佬
510,你洗澡披着浴巾洗啊
511,吓死我了
512,你是女的你躲啥？
513,特效不错
514,大朗，该喝药了
515,女孩子   家
516,成为情侣
517,大郎，该吃药了
518,中东原油价格还会上涨吗
519,爱过
520,女的看女的躲什么呀
521,等等…你自己不也是女的吗？
522,何方道友在此渡劫
523,不怕蚊子咬吗
524,你有对象吗
525,她在笑
526,因为我
527,同为女子，不用慌张
528,我勒个去。你咋知道是。。不是应该先迷惑说的啥吗
529,你喜欢女孩子吗？
530,？
531,法阵换个太极也好啊，这六芒星也太
532,看穿越者脸，还害羞了。
533,中国男足何时能打进世界杯
534,你是三维。
535,希望吉妹这个播放量可以破10万大关
536,不要随便喝水
537,特效可以
538,整容不太成功
539,好尬
540,爱过
541,你对叙利亚局势怎么看
542,这个阵莫名像武汉estarprologo
543,盲人也防？君子也防？
544,我服 你自己能穿那套衣服 有点BUG
545,影三虚空出场
546,阿泽有点憨，吉妹这次倒没有
547,这是张艺谋的《影》拍摄的地方？
548,仙女吉妹
549,单身久了，见她一笑，连孩子名字都想好了
550,哇哦
551,害怕
552,hhhhhhhh
553,Hhhhhhhh
554,朝云太直了吧hhhhhh
555,问题：你多高？
556,tnnd，为什不喝
557,眼熟
558,哈哈哈哈哈哈哈哈
559,是道侣吗？
560,成为朋友的肯定都是点错了！
561,？？？为啥要回头
562,我爱吉妹
563,六芒星是吧
564,啊啊啊我好怕啊啊啊啊啊啊
565,开幕雷击
566,见谅hhhhhhh绝了
567,我也想看，，
568,她对我笑，是不是喜欢我啊
569,吉妹这里叫朝云
570,九成八
571,魔法攻击
572,喝，为什么不喝
573,这个不是笑的很开心的吗？
574,直男一样，但是弯的
575,教练，我想学这个！！
576,吉妹，吉妹，吉妹，吉妹，吧唧一口
577,吉妹的很多弹幕，都是我一个人的
578,多喝热水
579,心动了吗 ?激动不 ?hh
580,劈开的不是浴巾，是缘分呐
581,哭的老开心了
582,情劫难渡啊
583,揉揉。
584,好多弹幕被吞了
585,吉妹咋不来翻牌子啊，好久了
586,这次吉妹的流量貌似不好啊，都几个小时了，还没有破万
587,吉妹的探戈？
588,都是女孩纸，吉妹还不好意思看到，脸扭到一旁
589,吉妹多年修行也禁不住阿泽的魅力
590,有内味了
591,粗言鄙语，吉妹嫌弃了
592,吧唧一口亲上去，吉妹
593,暖男吉妹
594,稳重成熟的吉妹
595,吉妹与阿泽缘分的起点
596,吉妹小鹿乱撞
597,吉妹心里肯定是小鹿乱撞
598,天上掉下来个阿泽，吉妹的福气来了
599,吉妹她们制作的特效，怎么样啊？
600,吉妹长吉妹短，基本都是我的弹幕
,弹幕
1,我擦，华妃哈哈哈哈h
2,一个熟人吧
3,自古红蓝出cp啊喂 太帅了
4,古娜拉黑暗之神呜呼啦黑魔变身
5,噗我笑了
6,金靖客串了吗？
7,古娜拉黑暗之神
8,没有九粒的金九粒（doge
9,潘周聃（doge）
10,前面谁说气纯的 你要笑死我哈哈哈哈哈
11,红激光以为要把阿泽头切两半了
12,哈哈哈哈哈哈，这方言猝不及防
13,古娜拉黑暗之神，乌漆麻黑，黑魔变身！！！
14,阿ψ约河泻苷_的J知XD
15,经费爆炸
16,你们不要再打了啦！！！
17,哇哦~难道是情敌吗
18,古娜拉黑暗之神的你够了hhhhh
19,朝云：（委屈）可是她偷了我的伞 老婆还凶我
20,具体问题具体分析
21,王老吉笑死我了
22,我觉得女妖声音很可
23,啊啊啊这个姐姐好可爱！！！
24,你不要过来啊 （哈哈哈哈哈哈哈哈哈哈哈哈）
25,“别动，会死喔”（和蔼微笑）
26,卧槽，怎么还抿唇了。。。
27,哈哈哈哈哈哈哈哈哈哈哈妖神姐姐你搁东北来的吧
28,这反派真的可以
29,你们不要再打了啦！
30,这个能很灵性啊，哈哈哈
31,这个反派很有感觉呀 表情和配音妙
32,古娜拉黑暗之神！乌漆麻黑！让益达笑出强大！照耀光芒！？我在干什么
33,哈哈哈哈哈哈哈哈哈哈……古他那黑暗之神，黑魔仙变身!
34,姐姐我还以为你美瞳掉出来了
35,哈哈哈哈哈说修罗场那个笑死我了
36,看对谁
37,看对谁
38,呆子，不会
39,看对谁
40,是不是嗅到了情敌的味道哈哈
41,看对谁
42,看对谁
43,呆子，不会
44,看对谁
45,看对谁
46,呆子，不会
47,看对谁
48,看对谁
49,看对谁
50,聚聚+1
51,好美的下颚线呜呜呜
52,提听成三、吻我，还在回忆前二条是啥我开绯红之王了吗
53,哇塞第三眼要开了吗
54,………………好家伙我直呼好家伙！
55,好可爱的妖精就收了给我吧
56,老婆不可能外借 6154136155 
57,我纳戒里多的是。
58,只对老婆怜香惜玉啊
59,哈哈哈哈哈好可爱啊！！！
60,哈哈哈修罗场
61,这个姐姐眼睛蛮好看的诶！
62,好像金靖（
63,缘分是一场遥远的约定
64,气纯是吧（指指点点）
65,好久不见，甚是想念
66,哈哈哈哈哈哈哈哈哈哈哈哈哈哈哈哈哈
67,这个表情好好笑
68,比我还野hhhhhh
69,莫辩如鲜肉
70,黑魔仙你不会心悸慌神的嘛？
71,哈哈哈哈哈哈笑死我了山东老乡
72,这个小姐姐好好看！
73,特效针不戳，好看又不抢镜
74,火之高兴，霜之哀伤
75,我怎么感觉这是在憋笑，哈哈哈
76,这是新副本咩？
77,古娜拉黑暗之神！呜呼啦呼！黑魔变身！
78,一听就和和那人很熟
79,哈哈哈哈哈哈
80,币给你，赞给你
81,修罗场
82,情敌？
83,来了来了，火起来
84,仙女打架真帅气
85,聚聚无处不在
86,哈哈哈哈哈，金靖，确实有点像
87,哈哈哈哈哈哈哈哈哈
88,修罗场？
89,nen？
90,哈哈哈哈哈哈哈好可爱
91,绝对修罗场
92,哈哈哈哈哈哈
93,自古红蓝出cp（？）
94,有点像小钱
95,来啦来啦
96,哈哈哈哈哈哈哈
97,红衣金靖（doge）
98,盲猜修罗场
99,金，金靖
100,这特效我给满分！
101,古娜拉黑暗之神
102,哇哇燃烧的经费
103,哈哈哈哈哈哈哈
104,我擦
105,现代朝云对贪食精老温柔了
106,经费在燃烧
107,好可爱哈哈哈
108,妖姐，假发要掉下来了！
109,噗小云云
110,豪华了
111,哈哈哈哈哈哈哈哈哈
112,你们不要在打了啦
113,O(∩_∩)O哈哈~她慌啦
114,太61n61
115,特效挺到位啊
116,小姐姐好像建模
117,哈哈哈哈哈
118,笑死了，比我还野
119,哈哈哈哈哈哈
120,催更！
121,有气场
122,哈哈哈哈哈哈
123,经费爆炸
124,一整个呆住
125,两个小时！我出息了
126,修罗场是吧
127,哈哈哈哈哈哈哈哈哈
128,聚聚+1
129,金靖！哈哈哈哈哈哈
130,潘周丹技术指导。
131,金靖？？？
132,老吉好帅
133,哈哈哈哈哈哈
134,开朗的女主好像刘诗诗啊
135,古娜拉黑暗之神！
136,哈哈哈哈哈
137,哈哈哈哈哈哈哈哈哈哈
138,特效好看
139,哈哈哈哈哈哈哈哈哈
140,还闪现？
141,哈哈哈哈哈哈哈哈哈
142,看对谁
143,朝云被破防了
144,哦吼
145,哈哈哈好可爱
146,金婧！是你吗
147,好像金婧
148,大boss
149,忍不住笑了
150,幻术啊
151,前任砹
152,真就。。电动小野马
153,哈哈哈哈哈哈
154,这个挑眉
155,3小时
156,这个肉好好可爱
157,姐姐太美必须火
158,好早
159,好好
160,哈哈哈
161,金靖？
162,哈哈哈
163,盲猜朝云妈
164,我也想吃
165,42个小伙伴
166,哈哈
167,这个情敌不好看呜呜呜呜
168,前女友啊
169,[Ohhhhhhhhhhhhhhhh]
170,哈哈哈哈哈哈哈哈哈哈哈哈哈哈哈哈哈哈
171,哈哈哈哈哈哈哈哈哈哈哈哈哈哈哈哈哈哈
172,3 还我 
173,野啊宝贝
174,哈哈哈
175,我喜欢这姐姐，她是sui呀
176,好帅
177,恁死  接地气 
178,朝云祖传吐血从这里开始
179,好可爱
180,为什么不偷人，反而偷伞呢？法宝不都放身上的吗
181,这个掉头，蛇妖吗
182,抿嘴，是在想怎么拒绝？还是考虑要不要答应!!
183,潘周聃
184,我好兴奋怎么回事
185,我发现在现代篇里朝云活成了阿泽样子
186,窑鸡吗？看着好香
187,你也没给人机会拒绝呀
188,坏了，拉低了
189,窑鸡吗哈哈哈哈哈哈想吃
190,大家别误会这不是情敌是姐姐
191,我老姐
192,是你，思南
193,请收下我的膝盖
194,这个眼线画的太可怕了
195,我去
196,妖怪是唐元七？
197,她不是妖王吗
198,这妖北方的啊。
199,这就是现在的电影打斗模式，大话西游回合制
200,这些配角一个个要么颜值在线要么可可爱爱，主角就更不用说了，简直太爱了
201,华妃
202,为什么有种大唐双龙传的既视感。。？
203,前女友
204,哪里弄的
205,看看背后，算了算了。狗命要紧
206,贪食精：哎？！感觉有杀气。。。
207,坏的狠
208,卧槽
209,这咋还野上了？
210,自古对波左边输
211,这个小美女的怎么和滑稽一模一样
212,乾字，障眼法:百花缭乱
213,好可爱
214,咋办，我也回不去了
215,杀我吧姐姐
216,这配音……上头了syt
217,东北妖
218,僚机来了
219,吉吉每次都被打吐血，下一部支棱起来天下无敌那种可好
220,这不比马破苍穹好？
221,收个租吧
222,妖也是妖他妈生的啊
223,怎么一股被玩坏了的表情？
224,滑稽表情
225,这就是贪食精吗
226,自♂由
227,姐姐，她有对象了，我来吧
228,姐姐，我也挺好玩的，玩儿我吧
229,这个台词蚌埠住了
230,完了，你们一句古娜拉黑暗之神我回不去了！
231,前面的你怎么发语音啊？
232,美人如云
233,女胖胖（bushi）
234,小云云
235,黑魔仙你带走她吧，我独占朝云姐姐也可以/doge
236,“我又不是呆子”
237,什么什么什么就你的小云云了 说清楚你！
238,杰姐不要
239,杰哥不要啊
240,neng死救命啊笑死我了怎么还带口音呢
241,摔了个屁墩儿哈哈哈可爱
242,都是精华
243,偷吃被抓包哈哈哈哈
244,这里竟是女同宇宙
245,坏ying
246,吃的白胖白胖的
247,我就想知道什么时候更新
248,死鬼小吉
249,死吉妹
250,勾搭吉妹吗？
251,姐姐能不能注意一下你的发型。。。。
252,我以为视频有八分钟呢
253,两女子为争一妹大打出手
254,眼睛有点可怕啊
255,恁s哈哈哈
256,口型配音没对上。。。
257,吉娃，吉娃
258,仗着自己妖刀高深，欺负吉妹
259,面瘫吉
260,我破防了，这是迄今为止我见过最吐痰的吐血。。。。。
261,妖的机位角度也太奇怪了吧，感觉故意拍丑了
262,坏人
263,这血吐的不走心啊？
264,一本正经的端着
265,但愿吉妹没看到我说她面瘫
266,吉妹的演技还得提高
267,就我一个人主要那个妖精眼睛很奇怪吗，哪个是特效还是带的美瞳，好奇怪，好出戏。
268,姐 你扣发型师钱了？
269,牛
270,笑喇了阿姨好色
271,吉妹是个面瘫啊
272,朝云：你要弄死谁？？？
273,小姐姐，我有点看上你了，你把你借我玩好不好
274,三个小时，应该还热乎
275,are you crazy？
276,还以为是黑山老妖
277,剧情可以，就是女妖不够美
278, 还小云云
279,这个姐姐有种腹黑病娇的感觉，刚好戳中我的xp呜呜呜
280,前女友？
281,累了困了就喝王老吉
282,差点以为这姑娘没脖子
283,好腹黑
284,玩玩
285,恁
286,小云云
287,媳妇不外借
288,好可爱
289,妖没有底线所以称之妖  朝云却不用
290,还要弄死人家媳妇，过分了
291,这姐姐可真够野的
292,情敌
293,好美
294,我来了
295,朝云这口血吐的痛快！
296,这特效，这反派的演技，真的吊打电视剧里
297,人家主角光环！你弄不死。哈哈
298,你打别人媳妇的主意，人家能不紧张吗
299,走可以把鸡留下
,弹幕
1,藿香正气软胶囊？
2,阿泽是她的劫
3,啊姐姐好漂亮
4,阿泽好可爱
5,是心动啊～
6,机器猫口袋
7,因为她是你的老婆
8,芸姐：出场费结一下
9,怎么有一种在做阅读理解的感觉
10,这样我就可以光明正大的牵手手啦
11,说的不错，请继续
12,哇偶，太A了这个公主抱
13,这大概是爱情吧
14,说得好有道理啊
15,可是我不会吹笛（doge）
16,这么好的东西舍得送我，你系不系暗恋我哇
17,藿香正气胶囊
18,越看越上头
19,好家伙，芸姐客串
20,眼睛确实像芸姐哈哈哈哈哈
21,对抗欲望，应该吃馒头（doge）
22,修仙之人都辟谷呀
23,姐姐修道之人，都是辟谷
24,截个就是爱情哦
25,哈哈哈哈哈这刘海
26,这不就是刚刚那糖豆吗？
27,为什么前面老奶奶不给水喝
28,心动的感觉
29,很容易被温暖活泼的人感动的，性格互补了
30,阿泽演员演技很好诶，灵气又可爱
31,夭寿啦！麦丽素失业啦！
32,麦丽素
33,哇啊，抱抱
34,5
35,4
36,5
37,5
38,4
39,5
40,5
41,5
42,5
43,5
44,5
45,5
46,5
47,5
48,5
49,5
50,5
51,5
52,4
53,5
54,5
55,5
56,5
57,5
58,5
59,5
60,5
61,5
62,5
63,5
64,5
65,5
66,为什么给个壶不是杯呀（狗头）
67,4
68,盲猜是白菜馅儿的
69,5
70,4
71,前面的，因为就一壶水只能给老婆喝
72,5
73,5
74,5
75,5
76,5
77,5
78,4
79,4
80,两小时，我可太出息了
81,阿泽是她的劫
82,阿泽是她的劫
83,阿泽是她的劫
84,阿泽是她的劫
85,有心脏，病
86,阿泽是她的劫
87,阿泽是她的劫
88,有心脏，病
89,阿泽是她的劫
90,阿泽是她的劫
91,阿泽是她的劫
92,阿泽是她的劫
93,最近老吉更新很勤
94,这手太好看了
95,看着老吉才是真的有心脏扑通扑通之感！
96,哈哈哈哈哈A上去！！！
97,逻辑满分。。。
98,朕为何看着她会有心悸不安之感(bushi
99,我来抓人了
100,牛啊
101,哈哈哈哈哈哈哈哈
102,这是定情信物吗？
103,阿泽好直接哦！！
104,红红火火恍恍惚惚
105,哈哈哈哈哈哈哈
106,是心动啊！
107,神踏马溜溜笛
108,好可爱
109,通灵术哈哈哈哈哈哈，串戏了
110,我以为要亲亲回报呢
111,像刘诗诗
112,呱―――
113,自来也听了直呼内行
114,厉害吧，我也会doge
115,好家伙不让她看让我看是吧
116,停不下来了
117,wgiao~！！
118,爱了爱了爱了啊
119,我怎么看不见我自己的
120,嘤，看美人果然让人心情变好
121,me气，小口胡好可爱哈哈哈哈
122,这是红焰玄玉前传吗
123,我是要拖进度条的点到了
124,开屏就是我爱看的
125,我在追剧嘛哈哈
126,巧克力
127,她害羞了！
128,这好像是胡萝卜素胶囊
129,瞬间被撩走了！
130,是心动啊！
131,哦哟
132,公主抱耶！
133,谁赞成谁反对
134,连续看有意思
135,满满的安全感啊
136,这剧情绝绝子
137,麦丽素x2
138,啊啊啊啊啊啊心动了
139,突然橙光
140,溜溜笛
141,这个演技，真的很好啊
142,心动啦
143,我就说召唤系统开启了
144,好可爱
145,点错了啊啊啊啊
146,爱了爱了
147,真的有点像inb哥啊
148,播放量越来越惨淡
149,拉手手！！！
150,666
151,重点！
152,太可以了！！
153,爱了
154,笑死
155,很钟意你
156,切
157,家乡的小曲
158,愿情!
159,点错了
160,比如说通灵我广哥
161,哇啊真好
162,咯噔
163,平A骗大招
164,背景音乐好好听啊
165,反对有效
166,古代版多啦a梦
167,火影忍者乱入
168,阿泽说得好
169,妙啊
170,橙光bgm
171,hhhhhh 
172,俺也一样，嗑拉了
173,啊啊啊啊我来啦
174,溜溜笛
175,这特效做的是真不错
176,呜呜呜我来晚了
177,阿泽侧颜好看
178,先天一
179,嗯嗯阿泽说得对
180,江湖风云录
181,阿裳菁夹U自然的~
182,橙光BGM哈哈，
183,演的很好哎
184,那不是忧郁蓝调么
185,就是眼妆真不咋样
186,苦几忧三哪究资
187,水只给老婆喝，老太太不管了
188,哦吼吼吼吼吼吼吼吼吼吼吼
189,很受
190,带新手，加经验
191,切，翻脸比翻书还快
192,你很受？？？
193,为什么刚刚不给老奶奶喝
194,你喜欢她
195,你很受
196,说得好
197,直球
198,吓一跳呜呜呜
199,焯这个音效！还我甜甜的氛围！！
200,天生就会扇巴掌
201,在想你啊
202,有 个 度
203,大橘已定
204,你说呢
205,读心术
206,"{[8]+[+l,}321++++"
207,好，开始寸步不离了
208,哪里来的土拨鼠？
209,定情信物
210,东西当然要留着给老婆
211,好家伙，哪都是聚聚
212,伸腿瞪眼丸
213,为了防止世界被破坏  为了守护世界的和平！
214,在想你呀阿泽[狗头]
215,麻德吓我一跳
216,啊啊啊啊没有姐姐捂我的眼睛！！
217,侧面像三水
218,谁让你是我老婆呢
219,哈哈哈哈哈，人生人他妈生的那个，笑死我了，一个个会说就多少点
220,受！！！l
221,刚才的奶奶要渴死了
222,哈哈哈，这么大茶壶，那为啥不分奶奶一点
223,不光眼睛像，表情也挺像jy
224,全是聚聚
225,聚聚无处不在
226,眼睛像蒋芸
227,通灵妃：这我熟啊
228,可以接吻了啊！！！
229,所以就说要啥男主！！！多来点女生抱女生不好吗！！！
230,明明是受好嘛
231,吧啦啦能量
232,没想到演技这么可以
233,请你们二位去演戏吧
234,你惨了，你坠入爱河了
235,给她摸！快摸！快！！！
236,qjm
237,哈哈哈哈哈哈哈这一声吼好好笑怎么回事
238,那要不要嚼啊？
239,我没看见我怎么知道瘦不瘦
240,这个眉毛有点马思纯
241,这制作真不错
242,直女
243,那你应该吃窝头
244,？
245,把M豆吃了
246,我就说她像熟悉，眼睛很像芸姐
247,超好看，淦！
248,室上性心动过速
249,我想吃烤串
250,因为坠入爱河
251,因为坠入爱河
252,死傲娇
253,可我不会吹啊
254,配一脸
255,你就是哆啦A梦吗
256,呀，有点像芸借呢
257,存天理灭人欲
258,别逼我喂你~
259,像龙葵
260,哈哈哈哈哈哈变出个茶壶笑死了，变杯水就行了吧怕不够喝吗？真贴心
261,什么都会变好方便
262,是心动啊～糟糕眼神躲不掉～
263,演技比演员好啊
264,这居然比那些演员演技好
265,她俩看哪2333
266,吉受，泽攻
267,摸摸吉妹的手，不是趁机占便宜吗？
268,喜欢吉妹，吧唧一口亲上去
269,吉妹是个面瘫
270,为什么不给老太太水
271,让我独享经验
272,吉妹快撑不住了
273,药量加倍，嘿嘿
274,你给她摸啊，你怕啥
275,快！给摸！
276,受
277,刚为什么不给老奶奶喝水
278,我想要@拥睦掀牛啥都能真方便
279,长的好像蒋芸和由淼的结合啊
280,幻胖
281,哪你不给老太太
282,受
283,为什么不把水壶给那个奶奶
284,撤退，让我独享经验
285,我也想要这样的女朋友
286,在哪里能看？
287,你惨啦，你坠入爱河啦
288,阿泽活泼灵动 朝云沉稳内敛 互相吸引的两人
289,定情信物
290,吹 不出来咋整？
291,让我独享经验
292,因为你弯了呀嘿嘿
293,how pay!
294,pdd卖43
295,我要独享经验
296,小气鬼，不就是摸摸手嘛，早晚让你知道我的厉害
297,给她摸，立刻！马上！
298,m豆
299,步伐轻盈啊，给我这样一个小姐姐，我一定好好健身撸铁
300,你惨了，你坠入爱河了
301,你很受，不需要减肥(doge 
302,磨皮太严重了  滤镜有点阴间
303,受
304,姐姐，你不是修道之人，你是神仙吧
305,因为你刚才抱她用力过猛
306,嘴硬心软
307,给她摸！！
308,让她摸！！
309,可以间接接吻了
310,亲一个呀
311,是她先动了情
312,这个笛子就是吉妹的定情信物
313,爽到
314,有点像堀北真希
315,护妻
316,只会吹牛怎么办
317,什么鬼哈哈哈
318,吉妹坠入爱河了呗
319,吉妹坠入爱河了呗
320,吉可爱的公主抱满满幸福感
321,老婆生气了你完了
322,竟然敢嫌弃老婆
323,我也想摸一下
324,让！她！摸！！！
325,摸摸摸摸
326,朝云看哪呢？
327,老婆说的都对
328,我也想要这样的姐姐！
329,"可乐糖,我吃过"
330,难道我又站错攻受了
331,借给你而已 送什么送
332,这个公主抱厉害了。
333,强力蜂乳浆胶丸哈哈哈
334,这个身高差心动疯了！
335,吉妹行走江湖，带着笛子，伞，剑，最后还拐了一个妹纸。
336,结果不会吹 吉了
337,那你为什么不给上集的老奶奶水？
338,人是人他妈生的，妖是妖他妈生的
339,劳模吉
340,哇
341,吉妹的身材非常符合这句台词
,弹幕
1,半妖造型好帅 爱极了
2,这真缺德啊哈哈哈哈哈
3,阿泽的笑容好治愈
4,我证明！真的很好看！
5,怎么一下还变0了呀hhhh
6,希望一直看到开开心心的阿泽
7,谢谢助攻姐姐，一路顺风
8,阿泽表示，你离我远点，我怕
9,此时此刻，还有一人
10,真的就是个神助攻啊
11,《忒》
12,姐姐是来助攻的吧！
13,阿泽：嘿嘿嘿～老婆～
14,阿泽：更喜欢了
15,我懂了，这是个助攻！
16,我修道十数年从未听过如此奇怪的要求
17,妖姐好助攻！哈哈哈哈
18,其实不是打不过~所谓封印会严重反噬自身
19,朝云已经要气死了眼神黑化
20,乌兰图雅(bushi)
21,情侣装(确信)
22,所以姐姐是助攻吧（恼）
23,我靠！你还会变身的！
24,这个镜头好帅！！！！
25,所以这才是本体？
26,老姜这套衣服确实好看啊
27,老姜这身也太好看了
28,好大一个助攻
29,哦豁手滑了选错了
30,卧槽卧槽卧槽！！！好漂亮
31,突然想到三哥的“teai差”
32,每个视频都投币了！期待第二季！
33,阿泽眼神好到位，kswl
34,姐姐是来助攻的嘛
35,第一次听见这么无理的要求
36,姐姐居然是大助攻
37,飘过一句话，反派死于话多
38,飘过一句话：反派死于话多
39,他来了他来了他开始推进剧情了
40,好一个大助攻
41,阿泽瑟瑟发抖都忍不住看向朝云
42,阿泽第二季没这么开朗，伤心
43,好像犬夜叉他哥性转版，好帅
44,手上有指环
45,情侣装了2333
46,这么无理的要求我还是第一次听
47,5
48,1
49,5
50,5
51,5
52,4
53,5
54,5
55,好腹黑，好喜欢
56,4
57,4
58,5
59,5
60,5
61,5
62,5
63,阿泽的眼神好宠
64,姐妹额头细节
65,谢谢你，助攻（）
66,等等您就是助攻吧（）
67,非常好看
68,非常好看
69,非常好看
70,好看
71,非常好看
72,非常好看
73,非常好看
74,非常好看
75,非常好看
76,非常好看
77,非常好看
78,非常好看
79,非常好看
80,非常好看
81,半妖造型一整个太惊艳
82,好看
83,小云云笑死我哈哈哈哈哈哈
84,看来这俩人关系还挺有意思
85,仔细听这个要说的话为云二打下了伏笔哦
86,草哈哈哈哈哈
87,真的超级美
88, 神助攻啊
89,半神~半妖~好耶~
90,黄鼠狼！后面吃鸡啦！
91,奥～来助攻的啊
92,新皮肤好漂亮
93,所以是本草?纲目
94,我靠，美死了
95,第二季正在筹备中
96,还真会变身
97,是加多宝(大雾)
98,我喜欢这个形态
99,前面的真的好像桔梗，吉妹太美了
100,啊，点错了！
101,半神~半妖~好耶~
102,直球！！给我甜化了呜呜呜
103,好助攻
104,同色系了是情Hb！
105,本体是王老吉
106,哇塞，好帅
107,姐姐太美了！！！
108,哈哈哈清源山
109,害羞了
110,哇哇哇，好美！
111,这个姐姐好好看
112,啊啊啊啊好直球啊
113,凭本事刷到后续
114,牛逼牛逼
115,点错了啊，非常好看！！！
116,好漂亮啊
117,情侣装！
118,好飒
119,太好嗑了。。。我使劲嗑！！！
120,卧槽
121,No！怎么就大结局了呀
122,我，莫得选择
123,再来亿遍
124,是真的帅！真的美！真的飒！
125,更新速度不戳啊，继续保持
126,修道的还是半妖的造型都好爱啊
127,在干杯站也追完了，空虚
128,看样子播放量还是4万左右
129,真的是妖啊！哈哈，心悸
130,变身后的吉阔爱一样帅
131,怎么换都是情侣装
132,6……6分钟！
133,点错了！
134,好好好帅
135,好可爱
136,漏！！这么快呜呜呜
137,更喜欢道士装
138,好好看！！！！
139,哈哈哈哈哈哈
140,哇咔咔
141,你也好看啊阿泽泽
142,造型绝了
143,嗷嗷嗷嗷嗷嗷嗷嗷嗷好好看！
144,呜呜呜，姐姐好漂亮
145,加多宝
146,这方言蚌埠住了
147,好帅啊眉眼
148,啊啊啊啊啊情侣装！！！
149,半妖造型也太好看了
150,奥特曼变身
151,期待后续！！！！
152,好看！~
153,满眼都是漂亮姐姐
154,巨好看！！！
155,清源山?泉州人狂喜
156,这妖身也太好看了
157,卧槽
158,本体是芍药花？
159,啊啊啊有没有太太写文啊
160,笑死了这称呼什么时候改的
161,好好看呀～
162,吉吉子，好好看啊啊啊啊
163,靠！！！！
164,第一季这就完了？好快
165,攻略了
166,好家伙
167,我太厉害了10分钟
168,是心动啊
169,好帅啊
170,这就结局啦？
171,好好看
172,BOSS
173,这样更好看
174,魔兽特效？
175,啥都别说了，他俩都好看
176,打它！
177,超级无敌好看
178,有点像莫邪
179,卧槽
180,哇塞
181,这剑这竹笛
182,哈哈哈
183,新皮肤挺好看啊！
184,这是助攻吧
185,太好看了
186,好棒啊
187,好看多看一会啊
188,啊啊啊啊啊啊啊啊救命
189,姐姐好好啊
190,这就结局了？！
191,变身!
192,这也太美了
193,这个大结局。美好
194,噗哈哈哈哈哈哈
195,非常非常非常好呀！
196,哇塞
197,不到一个小时，我有进步啊！
198,我也觉得吉阔爱就是好看
199,心动
200,姐姐好帅我好爱
201,害羞了
202,哇偶
203,这造型太美了
204,好美啊
205,啊老婆！
206,！！小云云！！煜允！！
207,我老婆变身啦！！！
208,啊啊啊啊太美了
209,完结撒花！！！
210,完结撒花～
211,S
212,桔梗？
213,哈哈哈
214,哈哈哈哈
215,哇哦
216,更美了
217,好像还挺配
218,哇哇！
219,我也点错了
220,点错了
221,太好看了吧
222,哇哦
223,绝美
224,姐姐！
225,满满套路
226,好看啊啊啊啊啊
227,好可爱
228,我靠
229,真不错啊
230,我也觉得
231,小云云！！！
232,好漂亮
233,完结撒花
234,结婚龋
235,绝美！
236,好看！
237,点错了。
238,kswl
239,芜湖~撒花
240,哇哇哇
241,？？？？？
242,泽1云0
243,我的天
244,啊啊啊啊啊啊啊
245,哇哇哇哇哇
246,Wdt!
247,我靠
248,！！！
249,我来了我来了
250,可以啊
251,完结撒花
252,太好看了
253,第二季！
254,几分钟不够看啊
255,弹幕呢？
256,啊啊啊啊啊啊
257,怎么有点像八重？
258,哇啊啊啊啊啊啊
259,我超
260,完结撒花
261,芜湖
262,爱了
263,完结撒花
264,桔梗？
265,嘿嘿
266,抢不过了吧
267,握草好帅
268,好好笑啊
269,姐姐太欠了   哈哈哈哈 直接跑了
270,这要求，必须得满足！！
271,好甜哦 在一起在一起在一起！！！
272,我是朝云的情劫 你瞅我咋滴哼哼哼
273,妖神妆真的惊艳到我了 好喜欢老吉哦～
274,姐姐工具人
275,女同宇宙爱了爱了
276,美死了
277,得，要妹妹不要姐姐了
278,博美？
279,这姐姐太牛了
280,失去高光
281,卧草卧草卧草卧草！！！？？？？？反转吗！！？？？隐藏身份
282,我不信，你亲亲我
283,痴汉笑
284,不够看啊
285,真的 hao
286,小云云，你怎么变0了？
287,"朝云受伤, 阿泽心痛慌个神就更好了"
288,是女侗精
289,哈哈哈 清源山
290,本体现身，中国人不骗中国人啊
291,认真尊重对手
292,原地结婚
293,朝云不行从这里就看出来了！
294,什么情侣装啊，这直接就是婚服了好吧
295,阿泽：嘿嘿嘿嘿，小云云真好看
296,来呀，快活啊
297,不够看啊
298,果然是妖！！
299,好看跟善恶啥关系啊编剧
300,社死
301,化妆师喜欢梳油头吗？
302,~半神半妖~猜本体是~紫藤花树~
303,一罐王老吉
304,这个时候不是应该冲过去一把抱住，然后蹭蹭说，你真好看嘛？2333
305,急了急了，她急了。
306,阿泽是太热了吗 头发油住了也
307,按头小分队集合！！在座的都得磕！！
308,妈呀可禁欲可美艳，姐姐杀我
309,脸好白
310,哇塞！！！！！！！！！！
311,哇塞！！！！！！！
312,阿泽的眼神就是她好漂亮我要和她贴贴
313,亲上去！
314,姐姐是来助攻的吧，这姐姐，能处
315,傻了傻了，一女子大白天惊现红衣小三树下的眼神勾引，并试图带走该女子，妻子在旁阻止，却被小三打出吐血，这到底是人性的扭曲还有道德的lue
316,我本是山中的一罐王老吉[doge]
317,《来自欠揍的勾引03
318,握草好美
319,颜值即正义
320,姐姐有点尬
321,？。。
322,焯我选错了！我要选非常好看！！
323,这姐姐怕不是北方人？这忒用的
324,红蝶
325,太美了！！！！！！！！！！！！！！！！！！！！！！！！！！！！！！！！！！！！
326,哈哈哈哈哈哈听方言识妖，一看就俺们东北滴
327,可爱？那朝云本体是狐狸?猫咪?还是什么？
328,情人节凌晨一口气看完了真的好爽啊
329,妖身好看
330,哈哈哈哈哈哈哈哈哈哈哈哈哈久敏啊
331,密码正确
332,哈哈哈哈哈哈哈哈这个姐姐贱兮兮的
333,卧槽卧槽卧槽！！！！！！！好好看！！！！
334,就这样还是首徒，太牛x了吧
335,美人
336,...
337,粉厚了点
338,清..清源山？胡建人挠挠头
339,王老吉
340,妖怪:见好就收
341,要要要
342,雨你无瓜
343,王老吉！（即答，被打）
344,王老吉
345,好贱的要求
346,朝云不应该是大猛1吗，怎么一脸受
347,比珍珠还真
348,阿泽：你不用怕，我懂怜香惜玉
349,这红色的肯定本体是王老吉啊
350,Van几天
351,这个假发，，，
352,靠！美死谁了
353,手上有指环 可能本体是指环王吧
354,故意的
355,嘎 清源山？我就住山脚下咋不晓得呢
356,王老吉
357,所以本体是什么
358,好欠啊
359,不管你是啥你都好看！
360,怪好看的
361,搞了半天居然想拐人
362,嘴儿一个
363,雨女无瓜！
364,直球
365,老子开大了你说你不想打了？
366,指路吉妹的衣服是云藏月绣的晴山不用谢hhh
367,是不是要激出她的妖性
368,哈哈哈哈哈哈 还是东北那咯哒的
369,土拨鼠尖叫
370,可别笑笑，死我了。嚯哈哈哈哈哈哈哈
371,卧槽。。不比那些电视剧制作差啊。。。
372,爱了，爱了。
373,为什么叫老吉？有那么老吗？
374,小云云？？？？？
375,妖孽姐姐挺有感觉的
376,这怎么这么欠儿
377,她笑了她笑了她笑了！！！！！啊啊啊啊啊啊啊啊
378,我可以！
379,啊啊啊啊啊啊啊我一个男的看这个正常吗
380,啊啊啊啊吉妹啊啊啊！！！我要和抢婚了米娜桑！！
381,姐姐有走位会更好一些
382,是了嘛我也眼花，点错了，哎，好气
383,看老婆当然要仔细
384,姐姐你好坏呦，不过我喜欢，哈哈哈
385,脸好白
386,所以本体是什么？狐狸精？
387,王老吉
388,打她
389,王老吉
390,点了好看才发现下面是非常好看，唉，眼花了
391,？？？
392,这辈子都没听过这么无理的要求
393,忒不识趣了
394,小云云
395,是你就好看，什么人啊妖的
396,不要不要
397,看老婆就是认真啊
398,情侣装
399,什么情侣装就叫喜服！
400,嘶。。。
401,打她！
402,这额头的记号一个向上一个向下！哈哈哈
403,是朝云体质特殊吸引阿泽
404,完结撒花
405,第一季完结撒花！！
406,一群妖孽，还敢在此闲聊，真不知天高地厚，收了你们……
407,糟糕 是心动
408,其实心美足矣，外貌再好看终究是会变的
409,这两身情侣装挺好看
410,带感
411,弹幕太少增增人气
412,我的天，b站的终于更新了
413,姐姐我可以！！
414,羞啊羞
415,阿泽这含情脉脉的眼神，kswl要得糖尿病了
416,前一秒还叫我美女姐姐，下一秒就叫我小云云
417,真 讨打hhhh
418,这辈子第二次听到这么奇怪的要求
419,金婧？？？
420,直球
421,我们颜狗就这样
422,半神半妖，都不是人
423,姐姐有点欠打
424,你甚至不是人
425,颜狗就是这样的啦
426,王老吉
427,我能把这套衣服当成婚服吗？
428,这就是传说中的 欠打？
429,阿泽到底死没死？还是说有第二季古代篇？
430,好看
431,我要衣服，不要吉妹，请把汉服交出来
432,点错了啊啊啊啊啊
433,吉娃娃吉娃娃！！
434,忒
435,我也很好奇，云云的本体是啥？
436,阿伟死了
437,姐姐带我去！！！我要学暴富术！！！
438,你喜欢男的还是女的呀？
439,hao62tian
440,密码正确
441,啊啊啊啊啊啊啊，姐姐，我可以！
442,你也好看
443,吉娃，吉娃吉娃，吉娃吉娃吉娃，吉娃吉娃
444,吉妹吉妹吉妹吉妹吉妹吉妹吉妹吉妹吉妹吉妹吉妹
445,物什
446,她心动了！！！
447,她笑了她笑了
448,清源山 神物降世 这些会是第二季的伏笔吗 
449,不就是王老吉吗
450,阿吉这尴尬吃惊的表情我更好奇本体了 哈哈
451,小云云
452,情侣装
453,毛毛虫
454,小姑娘家家，还有两幅面孔，哈哈哈哈
455,好贱贱
456,我也好奇啊可恶你放出来啊
457,期待第二季
458,情侣装
459,说不想打就真不打了？
460,这个姐姐笑的时候
461,更好看了- -
462,老吉半妖造型好看
,弹幕
1,喇叭精？！哈哈哈哈哈
2,！有指甲！！！no！！
3,是心动
4,巧了硝基苯也是这个味儿
5,氰化物＝杏仁精？
6,眼睛里闪一下的特效
7,为何会想到宇宙制霸那里去了
8,这个声音好小妹妹啊好可！
9,喔～是信息素的味道嘛
10,嗅嗅（bushi
11,变枕头还怎么贴贴？！！！
12,朝云的微表情~属性腹黑~
13,~这里嘴角上扬了~
14,我不敢说，但我敢指
15,柯南：你也闻得出杏仁的味道
16,前面的不单身嘛(doge
17,我以为你要变枕头
18,嘤这样睡脖子会痛的
19,好可爱的喇叭精
20,心肌梗塞那个真的会笑死我了
21,也可能是肺部积液，得去放了（）
22,“我拒绝回答”
23,神之躲避，这直球都能避开
24,氰化物狂喜
25,这确定不是葫芦精吗
26,半妖体质，妙啊！
27,是心动啊（一起唱
28,这个音效哈哈哈哈
29,她笑了她笑了！！！
30,觊觎吉妹的人，都是单身狗吧？
31,声音好御
32,房颤 室颤
33,哈哈哈哈，喇叭精
34,《我不知道》
35,是爱情啊！
36,咱也不知道咱也不敢问
37,5
38,5
39,5
40,5
41,5
42,5
43,5
44,5
45,5
46,5
47,5
48,5
49,是杏仁露！
50,5
51,5
52,5
53,5
54,5
55,5
56,5
57,5
58,5
59,4
60,5
61,5
62,5
63,5
64,5
65,5
66,5
67,是心动
68,是心动
69,是心动
70,5
71,5
72,我是说伞是怎么会不见的2333
73,5
74,是心动
75,5
76,5
77,是心动
78,是妖怪
79,是心动
80,是心动
81,是心动啊
82,是 心 动 啊
83,是心肌梗塞
84,哈哈哈阿泽表情好可爱啊
85,朝云忍不住嘴角扬了杨！哈哈
86,我真是骨子里喜欢朝云这种清冷又不失温柔的性格啊
87,想吃杏仁月饼了
88,心魔来了
89,是心动的感觉！
90,诡计多端
91,我在认真看，太好看了
92,哈哈哈哈哈朝云偷笑
93,哈哈哈哈清心咒可没用啊
94,哈哈哈哈哈好可爱
95,这不拍成剧或电影太可惜了，太好磕了
96,题目很危险
97,橘子花开，其香飘之甚远，闻'者皆懂
98,是绝美爱情！！！
99,是心肌梗塞
100,清心咒！！！！
101,芸芸也是那么冷
102,一觉醒来，衣服就换了
103,是氰化物的味道
104,好帅啊啊啊啊
105,她好会！
106,大数据记住我
107,不会是喜欢我吧？
108,不敢说就指hhh
109,确实笑了哈哈哈哈
110,吃辣条笑死
111,不拿个枕头出来吗？
112,哦吼什么都有
113,小姐姐是真的好看啊
114,适合刺猹
115,是爱情啊啊啊
116,哈哈哈哈好甜
117,变个四合院出来吧（）
118,厉害啊
119,这一段kswl
120,咽口水了！！！！
121,朝云刚才是偷笑了嘛
122,时长也太短了
123,哈哈哈哈哈哈好可爱
124,进展迅速
125,故意的故意的
126,这个纳戒真好看
127,是心动啊啊啊啊
128,我故意的但我不说
129,哈哈哈哈哈哈
130,ame？
131,剧情居然还不错
132,起色心了
133,这个就是爱情
134,有点像杨洋
135,是爱情啊！！！
136,阿珊每坂
137,我好喜欢
138,枕头有了好吗？
139,色泽，吉妹好闻吗？
140,吉妹早上起来，不洗脸不刷牙
141,惨淡的播放量
142,弹幕这么少不科学啊
143,哈哈哈哈阿泽好可爱
144,朝云差点笑场了
145,陷进去了
146,是爱情！！！！
147,是心动了
148,！
149,是我！我在吃螺蛳粉！
150,好可爱
151,姐姐好美！
152,星际荒神
153,―3
154,哈哈哈哈哈哈哈好可爱
155,哈哈哈哈哈哈哈哈
156,是爱情！
157,吉妹起的真早
158,好看好看
159,前面的不行，应该变个房子
160,是心动！
161,那它是喜欢吃氰化物？
162,在这里
163,啊啊啊啊啊啊啊
164,啊啊啊啊，抖音没有这一段
165,啊啊啊啊啊啊啊啊
166,火烧得更旺了
167,慢了九分钟
168,是喜欢哈哈哈
169,哈哈哈哈
170,是心动啊
171,哈哈哈哈
172,全是蚊虫
173,是心动啊！
174,哈哈哈哈哈哈哈哈哈哈好可爱
175,哈哈哈哈哈
176,笑死了
177,是心动的赶脚！
178,是心梗！
179,是心动啊！！！
180,哈哈哈哈哈哈哈
181,有戏
182,氰化物
183,啊啊啊啊啊
184,也有可能是喜欢哦
185,哈哈哈哈哈哈哈哈哈
186,我也来，是新冠
187,蚌埠住了
188,是我！我在吃辣条！
189,哎哟哎哟，不好意思了
190,十分钟，还行
191,是我！
192,好看
193,阿泽好漂亮
194,是喜欢你
195,hhhhhhhhhhhhhhhhh
196,救命！爱死朝云的侧颜
197,喜欢这种很自然的感觉
198,变张床
199,我以为变床呢
200,啧啧啧啧啧
201,快变个床出来
202,你惨了，你坠入爱河了（doge
203,这集播放量14万。。。
204,是女同!!!
205,按头小分队
206,朝云：南无阿尼陀佛…我无欲无求清心寡欲…南无阿弥陀佛
207,你倒是睡得挺香赵云在你旁边念了一晚上的咒语
208,A上去A上去
209,是心动啊糟糕眼神躲不掉
210,苦杏仁味 化学老师教的
211,朝云你为什么手放人家耳朵上？？？？
212,说的明明是 喜欢我吧 
213,说的明明是喜欢我吧
214,她看选项了！！！
215,吉吉笑场了，哈哈哈哈哈
216,清心咒都用上了可还行
217,土地？
218,该不会是百合花吧
219,还以为可以变出床来...
220,干脆变个房子吧
221,导演说没有啊
222,吧
223,我的天好甜啊啊啊啊激动死了啊啊啊啊啊
224,是女同
225,我恨你是块木头！
226,都在看]淼眉鞍l幕
227,土地土地
228,姐姐先剪指甲！！！
229,我K於知道我紊淼脑因了，立R想到拿枕^
230,为什么我老感觉阿泽长得像尤里？？？是我眼花吗？？？
231,姬里姬气
232,像土地公公一样？
233,某人表面看似镇定 心v扑通扑通跳
234,？？阿泽怕不是块木头吧
235,你腿不麻吗
236,完了完了道心乱了这次进结合体无望了
237,
238,糟糕！是右心房收纳全身的静脉血通过右心室从肺动脉泵出此时肺动脉中流的是静脉血通过肺中的气体交换变成含氧丰富的动脉血由肺静脉送至左心房再通过左心室的主动脉泵向全身的感觉
239,此地不宜久留 溜之大吉
240,前面杏仁露那个别跑！我串戏了！
241,？？？阿泽，我恨你是个大木头
242,膝枕还不够嘛？
243,等等……不会真是妖怪吧？那岂不妙哉！（x）
244,你们完了，她看你们了
245,拿枕头就没肢体接触了笨蛋！！
246,嗷嗷嗷嗷嗷嗷嗷嗷嗷
247,在撒尿（doge
248,笑
249,阿阿阿按e了 想拉回去再看一次的
250,你就宠着她吧
251,道而已
252,她笑了
253,啊啊啊啊啊啊啊太喜欢她们了好甜好好磕
254,女酮吧
255,变个房子？变个洞房！
256,半妖也是妖
257,救命吉吉是不是笑了一缪缪，好甜啊啊啊啊啊
258,你喷花露水啦？
259,原来我是妖怪
260,跑了跑了，你倒是a上去啊！！
261,原来不止我一个人觉得，白狐脸儿就就应该长这样
262,快躺怀里
263,演出了猴哥的感觉
264,你惨了，你坠入爱河了
265,怎么办，我不想KY的，但真的越看越像蒋芸是怎么回事？
266,一宿绝逼落枕
267,？我恨你是块木头！
268,花露水那个笑死我了
269,真.干柴烈火
270,我是女通讯录
271,见姬行事
272,哈哈哈哈哈那个说的你别跑
273,膝枕腿会麻，盘腿修行就不会。
274,要枕头干嘛h62h62h62h
275,润了哈哈哈哈
276,亲一下就没事了，信我
277,我是中国女同
278,女酮吧
279,是我，我在吃臭豆腐
280,人才呀神他妈心肌梗塞
281,你喷花露水啦？
282,前面枕头的，女友的腿不必枕头香？(doge)
283,这俩人咋都直
284,这喇叭花都蔫了
285,另外两个姐妹你们好
286,我是中国女同
287,腿枕着不麻吗
288,土地，给俺老孙出来
289,万老板是半妖吧
290,你随身背包会带枕头和被子？？
291,吉妹忍住了真可恶，害得我咬到了自己的嘴巴
292,弹幕能不能不要这么破坏气氛
293,直接变张床可好
294,哇，我好兴奋啊
295,姐姐，你的湖臭竟然是香的啊
296,我其实是男的
297,前面那个新冠等等我
298,md点错了
299,谁把我伞眯了【doge】
300,你比她更像妖怪
301,全程姨父笑
302,你惨了，你坠入爱河了！
303,喇叭精是什么
304,嘘小情侣之间你不懂
305,咽口水特写
306,单身狗要什么枕头
307,变枕头了还有媳妇吗
308,直接变张床不是更好吗
309,她笑了
310,确实像南宫仆射
311,可是这样就不能让媳妇躺自己膝枕了啊
312,姐姐脖子怎么了
313,哈哈哈哈哈哈哈哈哈哈哈哈好可爱
314,变枕头还怎么躺腿？你们这么实在会单身的
315,女酮吧
316,是心动啊，糟糕眼神躲不掉，对你莫名的心跳
317,摸耳朵！！！好涩哦
318,这腿不比枕头香？
319,她是妖怪，她是妖怪
320,她是妖怪，她是妖怪
321,就不能变出个床？
322,咽口水了！
323,阿晌业耐纫差意借你躺啊！！！！！！！
324,阿我喜g阿
325,这妖怪真好看
326,姐姐看了看弹幕，然后转移话题
327,这不是南宫仆射吗
328,直接变个双人床不爽快？
329,吉妹外表冷，内心热，阿泽攻陷她，还是容易坏
330,咱就是说吉妹脖子上的红点是什么的
331,抖音没这段？抖音剪了？
332,吉妹从头到尾都没有笑过吧，面瘫吉
333,是你老婆
334,进度挺快的啊，好甜
335,还真有选妖怪的？？
336,她笑了
337,手
338,心律不齐
339,脖子上
340,气氛组喇叭精
341,趴在吉妹身上闻，阿泽有点放肆了
342,朝云想干坏事，最后忍住了
343,哈哈哈朝云是吓唬阿泽的吧，都偷笑了
344,朝云笑了
345,快亲上就行啦哈哈哈
346,这个手放人耳朵上？
347,你是，你就是
348,前面枕头的角度刁钻
349,你觉得她想变枕头吗？！
350,吉妹快忍不住了
351,哈哈哈哈她没忍住 她笑了！！！
352,我能变但就不变枕头，懂？
353,时间线才第一晚！
354,你能变出个被子就不能变出个枕头？
355,你舅宠她爸
356,爱是想触碰又收回的手
357,朝云你在想什么！
358,哈哈哈哈哈哈哈哈哈哈为什么不早说
359,体香
360,看我颜色行事
361,阿泽突然对朝云的严肃语气一惊讶 哈哈 她只对你凶不起来
362,前边那个，我们一起躺
363,嘿嘿，按头小分队在哪里
364,来人，把这个女人拉开，我也要躺
365,来个早的
,弹幕
1,哈哈哈聚聚无处不在
2,绝对情劫
3,哦豁哦豁
4,《朋友》
5,话聊成功！
6,哇哦，这个标题
7,截图
8,寤寐思服
9,好一个《朋友》
10,《求之不得》
11,哦吼，实不相瞒，你是我的情劫
12,小情侣对视可真甜
13,哈哈哈哈哈哈这么直白的吗
14,被感动了，怎么办
15,《肯定高兴的不得了》
16,妄想拐跑姐姐是会被阿泽骂的（）
17,拍的真好
18,鲸骨 开
19,老道士：嗑到了
20,老道士会很欣慰你带了个这么好看的媳妇儿回来
21,《求之不得》
22,卧槽，哈哈哈哈这么直接的吗
23,百因必有果，你的劫数就是我
24,城里人管这叫室友
25,她就是你命中的情劫啊
26,好上头
27,哈哈哈你们仨笑死我了
28,桃花劫是不是哈哈哈哈哈哈哈
29,妹妹人美心善姐姐面冷心热
30,5
31,来了来了，三刷
32,好美啊姐姐们
33,哈哈哈
34,5
35,5
36,5
37,5
38,5
39,5
40,3
41,5
42,5
43,5
44,4
45,2
46,5
47,5
48,4
49,5
50,4
51,5
52,5
53,5
54,5
55,5
56,5
57,3
58,1
59,5
60,5
61,你惨了，你坠入爱河了
62,一些直球哈哈哈哈哈
63,来啦来啦
64,《朋友》
65,紫锭能行
66,紫锭能行
67,紫锭能行
68,紫锭能行
69,紫锭能行
70,紫锭能行
71,紫锭能行
72,紫锭能行
73,紫锭能行
74,紫锭能行
75,紫锭能行
76,下次一定
77,紫锭能行
78,紫锭能行
79,紫锭能行
80,紫锭能行
81,耳朵红了？！！
82,一口气看到这里了
83,笛时的背景音乐又响了 这次是朝云情动了 
84,《求之不得》
85,哈哈哈HAH这么直白吗
86,哈哈哈哈，趁机吃豆腐可还行
87,突然的沉默
88,朝云看阿泽和眼神好温柔
89,情  劫（doge
90,情劫（确信）
91,[ohhhhhhhh]
92,那是酒瓶盖儿吧？
93,蚊子好多
94,不不不，不是朋友，少了个字
95,呀，不用怀疑，这是爱情啊
96,这很河里哈哈哈
97,心理咨询？（doge）
98,河里叫闺蜜
99,因为老道士催婚
100,好剧
101,是情劫嘛？
102,我的一个道姑朋友
103,因为那是祭品（大概？）
104,哈哈哈哈哈嗝
105,心  动 了
106,他丫的我直接看哭了
107,前面那些咬手指的我要被笑死了
108,哈哈哈哈哈前面的姐妹
109,哈哈哈哈哈哈哈哈哈哈哈哈，你怎么这么好玩
110,抿嘴不舍
111,哈哈哈哈哈哈哈
112,嘴角上扬的我
113,催更，手动催更
114,[ohh]
115,结巴了哈哈哈哈
116,无中生劫
117,哈哈哈哈哈，因为爱情
118,那不就是情结吗
119,不会暗恋我吧
120,特效好赞！
121,我来了我来了我来了
122,第一时间过来
123,[ohhh]
124,啊啊啊啊啊啊啊啊啊我磕拉了……
125,三连
126,话疗成功
127,开始话疗
128,哈哈哈哈
129,情劫卧槽
130,岳绮罗
131,穿点衣服吧前面的哈哈哈哈
132,家人们等等我
133,那是心动的感觉
134,见家长
135,甜！表示也想吃苹果
136,心悸不安？亲一下就好了
137,哈哈哈哈哈哈哈
138,[ohh]
139,我有一个朋友
140,情劫
141,[ohhh]
142,是心动啊
143,我就在灵川镇，桂林市灵川县灵川镇
144,情劫？
145,苹果很甜，你也是！
146,魔幻手机
147,这就见家长了
148,哈哈哈哈哈
149,话疗无敌
150,我们河里叫室友
151,三连了～
152,带女婿回家了
153,因为爱情
154,哈哈哈哈嘴炮最强
155,[ohh]
156,比斗气化马强太多了
157,[OHH]
158,[ohhhh]
159,哈哈哈哈哈
160,你心动了！
161,情劫？
162,是心动
163,带女婿回家
164,最好能复活
165,心动了
166,有聚聚啊哈哈哈
167,从上一集哭到51
168,点错了
169,好看，都好看
170,见家长啊
171,[ohh][ohh][ohh][ohh][ohh][ohh][ohh][ohh]
172,是心动啊！
173,哈哈哈哈哈哈哈哈
174,[ohh]
175,见家长
176,16分钟我出息了
177,是心动啊
178,前面河里的家人
179,为什么会这么直？！！
180,哈哈哈哈哈哈哈哈
181,学会了吗这么撩
182,带女婿回家了
183,比那九龙拉马强多了
184,是心动
185,一定能行
186,心动过速吧
187,见家长！
188,是心动啊
189,哈哈哈哈哈
190,啊啊啊啊啊
191,是心动啊
192,[ohh]
193,[ohh]
194,见家长
195,点错了woc
196,心动了
197,啊。。。渡情劫
198,紫锭能行
199,变相表白
200,哈哈哈哈哈哈哈哈哈
201,笑死 求之不得
202,阿泽好可爱
203,河里的家人
204,嘿嘿
205,前面那个，苹果是贡品啊 ，供奉给石灵了 他当然能拿到 
206,心跳太快是吧
207,用谈话的方式治疗
208,请回答1988
209,1988？
210,kswl
211,用谈话的方式治疗，这叫话疗
212,这种表白方法，学到了学到了
213,结巴了？？？？
214,全程姨母笑
215,结巴了哈哈
216,小孩子才选 我俩都要
217,我们河里叫“普通同事”“室友”
218,今は月がきれいですね。
219,啥心悸不安啊，明明就是心动的感jio
220,朝云主动了主动了
221,哈哈哈哈哈哈，苹果自由
222,偷笑了
223,我想躺她怀里
224,才一天她就爱上了
225,结巴了
226,高质量
227,饼干人？
228,an apple a day put the doctor away
229,河里不都是兄弟
230,嘴炮超度真的xsl
231,姐妹穿条裤子吧
232,姬里姬气
233,才一天吗？？？
234,我们河里叫普通同事
235,用话治疗，简称话疗
236,哈哈哈前面的666
237,因为苹果供给他了
238,你个败家姑娘，有你一个吃货就够了你还给我再来一个。家里的钱都不够你霍霍的！
239,jie hun？（doge）
240,大忽悠模式开启！
241,一天一首小苹果，医生看见我都躲
242,开始忽悠人了，是吗？
243,连香火（苹果）神还拿不到还当什么神啊
244,愿你长寿
245,选下次一定纯属是为了白嫖
246,可否与你与你行
247,你家里
248,一天一个苹果，医生远离我
249,前面的你的裤子绊着我了
250,我忽然觉得那个白色的衣服好像巫女服啊
251,前面对姐姐穿条裤子吧
252,前面那位河里的家人！
253,自古以来嘴炮永远是最强buff
254,这是不是所谓的生死劫？
255,别回去了，跟我走吧
256,石像的存在为她夺得了那一线生机
257,啊
258,女  朋  友
259,终于女儿能嫁出去了呗
260,看她嘴了
261,啊泽你这小渣渣，有事没事就撩人家
262,别咬手指，要咬也是我帮你咬
263,跟她回家
264,姜饼人儿
265,不是劝人放下仇恨，是她大仇已报想帮她早日轮回
266,是心动啊糟糕眼神躲不掉
267,这不比那些古装剧好看？
268,你就是我夫君了(手动滑稽)
269,亲亲吗
270,他拿得住苹果却触不到白领
271,紫V不行  要金V
272,你的劫数就是她
273,好好看
274,你俩看对方的眼神真受不了，太甜了
275,这里面被超度是件好事，怎么能说是通病呢
276,都什么虎狼之词！道士是我的！
277,“心悸不安之感”指的是心跳加速（嘻嘻嘻
278,话疗
279,前面咬你那个，你的血没有用[doge]
280,吉妹开窍了，会约妹纸了
281,劝别人放下仇恨，是电视剧的同病
282,纸人有点滑稽
283,朝云好看，吧唧一口亲上去
284,吉妹别咬手
285,我也觉得阿泽发际线有点高，没敢说出来
286,人家实现了苹果自由，比我强
287,咬哪里
288,帅姐姐什么时候更新下一集
289,阿泽的发际线堪忧啊
290,前面的你裤子绊倒我了
291,啊这
292,你倒是A上去啊
293,干嘛呢干嘛呢
294,才一天，为什么我感觉你两过了好几个月了
295,哈哈哈哈哈神tm妖怪
296,做成功德一件 你俩缘分可就分不开了 哈哈
297,糟糕，是心肌梗塞的感觉
298,前面那位姐妹，你的思想有点危险
299,嘴炮超度成功
300,开始嘴炮超度
301,这要是能带回家何止是三生有幸
302,不会是喜欢上我了吧
303,前面想扑倒的不可以！
304,姜朝云...嘿嘿嘿...朝云...嘿嘿嘿
305,想扑倒朝云
306,阿泽一脸兴奋是怎么回事
307,别咬手指 咬我
308,滋滋滋，嘻嘻嘻
309,嘿嘿
310,超度成功就没得看了，你们居心何在？
311,朝云结巴了哈哈
312,实不相瞒 你是我的劫（老）数（婆）…
,弹幕
1,哦豁还挺帅唉
2,爆装备了
3,不救
4,这一对太好磕了吧
5,等等！有点不对！！！
6,卧槽，帅哥
7,哈哈哈，阿泽往后跑的样子真可爱
8,卧槽吓我一跳
9,血书求周边，小吉太美太美太帅
10,论专业的重要性。
11,这是苹果，好吃的
12,这都能刀？！
13,摸手了摸手了！
14,自动跳转下一集
15,水晶球
16,woooooo牵手了牵手了！
17,啊，她好乖啊！
18,几秒不见甚是想念
19,卧槽这么帅
20,《不会》
21,大叔演技真的不错
22,玻璃球盒盒盒盒盒
23,鞋子大了哈哈哈
24,我以为刀是近战，结果是远程
25,你也很甜www
26,原来在这里叫过姐姐！
27,揍他给哈哈哈哈
28,玻璃球哈哈哈
29,神灵还挑染的嘛
30,这句姐姐揍他，着实萌到我了
31,被帅姐姐收了高兴地笑了
32,她俩表情哦好有感觉
33,卧槽这特效
34,不补刀就偷笑了，还救
35,我还以为抢了你苹果
36,有4%点了救是不是手滑了
37,玻璃球哈哈哈哈哈哈哈哈
38,眼神可爱死了
39,吉娃娃，娃娃，冻得哭哈哈
40,芜湖，帅哥！！
41,一人血书求周边
42,恭喜两位嘉宾牵手成功
43,这个姐姐看起来好乖 喜欢了
44,玻璃球哈哈哈哈哈
45,不救
46,石像突然出现hhhh好好笑
47,哈哈哈，心又动了
48,我直呼好家伙！白伶干得漂亮！
49,歪日，是好磕的一对儿
50,阿泽这里又心动了下
51,小婕姐好乖巧
52,不救
53,不救
54,不救
55,不救
56,不救
57,小哥哥看起来好善良
58,不救
59,不救
60,不救
61,不救
62,不救
63,这个头发哈哈哈哈哈哈哈哈
64,这个伞原来不是遮雨的
65,帅哥你怎么死了帅哥！
66,魔有何错
67,牵手手！！
68,姐姐，揍她，好可爱
69,这男配音好听
70,我居然看哭了
71,啊啊她好好看！！
72,这里的bgm是沙丘诶。。。
73,出电视剧吧求求了
74,好爱这个姑娘
75,特效实属不错
76,F在的自u《己糜眯
77,搬砖破武功
78,点错了草
79,俩人好家伙
80,干得漂亮哈哈哈哈哈啊哈哈哈
81,哈哈哈哈哈哈好可爱
82,转场好帅
83,六…六藏菩萨？
84,可以拍剧了
85,狡猾哈哈哈哈哈
86,不懂就问，小芊是谁？
87,正在啃苹果
88,这是谢衣的bgm
89,这bgm，我肝疼……
90,彩虹（（暗示）bushi）
91,哈哈哈哈有爽到
92,草了我真的泪目
93,好直白啊
94,仙四的bgm
95,哈哈哈哈哈哈爽快，喜欢
96,7个小伙伴你们好
97,他眼中带泪！太悲了
98,天哪姐姐好美给我美拉了
99,这特效真牛
100,这是哒儿，玻璃哒儿
101,吉娃娃，吉娃娃，快要哭了
102,哪位友人在线
103,这是弹珠
104,我以为是要苹果呢
105,很可爱的女孩子
106,这不就是电视剧吗
107,这剧有没有金主爸爸拍啊
108,卧槽，虐到我了
109,质量蛮高的
110,副线是个悲剧
111,大叔演技好好
112,啊这。。。。有点虐
113,靠，这特效
114,吓我一跳
115,石像尚有心，人却无心
116,卧槽，我哭了
117,我怕鬼，鬼却未伤我分毫，我不怕人，人却伤我遍体鳞伤
118,呜呜呜这两个好可爱
119,配角演的很好啊
120,哈哈哈哈
121,小芊是云芊传里的
122,哇哦 这可以
123,好好看的妹妹
124,我一个人
125,大师球！
126,大叔演技好
127,谁在看这个时候
128,哈哈哈？狡猾滴很
129,我一男的都爱了，这么帅
130,第一眼看成郭麒麟
131,梅开三度
132,哈哈哈哈干得漂亮
133,拜托借给
134,好家伙，有聊斋那味儿了
135,谢衣哥哥
136,好像小芊啊
137,我去，帅哥
138,这个石像就是逊啦
139,手手抓手手
140,这个妹妹好漂亮
141,点错了
142,哈哈哈哈哈我也H切
143,好漂亮的姐姐
144,虐到了
145,有被虐到
146,这集还挺长
147,谁点的救？
148,很难的抉择
149,主角配角都在线
150,哈哈哈哈哈
151,这不比电视剧好看
152,嘿嘿二十分钟热乎的
153,哈哈哈哈哈哈哈哈哈哈哈哈哈哈
154,哈哈哈
155,莫名刀
156,秒了？？？
157,这石像吓死我了
158,有点像宋威龙哈哈哈哈哈
159,被虐到了…
160,ming
161,？？？配角这么帅？？？
162,剧情真的很不错G
163,哈哈哈哈哈哈哈哈哈哈
164,好剧
165,这个剧美人好多
166,帅哥！！！
167,点错了
168,后面是啥
169,好像王子文
170,哈哈哈哈
171,来啦来啦！
172,剧情节奏安排得很好
173,哈哈哈哈哈哈
174,特效不错
175,白伶很好看呀
176,这不比电视剧好看
177,苹果的报答
178,我来啦
179,感动了
180,好甜啊
181,故事不错
182,哈哈哈哈哈
183,百万特效
184,这是苹果，好吃的
185,支∏橐埠苷J真，c
186,哈哈哈哈哈哈哈
187,像王师傅
188,昂
189,点错了
190,哈哈哈哈哈哈哈哈哈哈哈哈哈哈哈哈哈
191,这哥们好帅
192,小时候玩过
193,哈哈哈哈哈哈
194,沙丘哈哈哈
195,我不到啊
196,何罪之有？！
197,这时长真不错
198,磕了磕了
199,哇
200,质量真好
201,虐啊啊啊啊啊
202,帅哥！
203,WC，帅哥
204,虽然但是 
205,鹤氅
206,绝绝子，特效不抢戏
207,这是弹珠
208,再冷也没有人心冷
209,哈哈哈哈哈哈哈哈哈哈哈哈哈
210,砸我啦！
211,我伤心了
212,好配好配！
213,帅哥
214,啊好好看
215,帅哥
216,哈哈哈哈
217,被虐到了
218,哈哈哈
219,啥时候更新呀
220,我也不会
221,我来的好早
222,哈哈哈哈哈哈哈
223,云芊传
224,惨啊
225,这么帅啊！
226,好帅啊
227,跟百妖谱感觉好像
228,啊啊啊啊啊好虐啊
229,这剧是小说吗
230,(⊙o⊙)哇
231,.好帅
232,哭了TnT
233,哈哈哈
234,俺也想吃苹果
235,哈哈哈
236,hahah
237,小芊？
238,我真早
239,古剑bgm，好怀念
240,好帅好帅
241,哇哇哇
242,好帅啊
243,woc
244,哇
245,哇哇哇
246,芜湖
247,啊啊啊啊啊啊啊
248,白婉晴？
249,那只能麻烦你死一下先
250,黑化也好漂亮啊
251,应该是，可能因为村民们迫害那个女孩子，石像想报复他们
252,好看好看
253,“我，终于可以陪在她身边了……”（是这个意思吗？）
254,说不定苹果是自家种的呢
255,好似，开香槟喽
256,不救
257,主线也是个悲剧，看特别篇就知道了
258,吓死我了
259,吓……吓老子一跳
260,难道是白伶供奉它，成灵了？
261,溜溜球（弹珠!
262,因为他想陪她
263,质量真的吊打那些网络剧
264,应该是要那个白伶
265,“他恨自己拉不住她”
266,好问题 两个头你打哪一个
267,年轻人不讲武德
268,是出不去进不来吧大佬
269,不救
270,气纯嘛！
271,姐姐也收了我，可好？
272,故意送人头
273,嗯 来自千年以后的红富士哈哈哈哈
274,绿衣服女生背后有一块布像人手
275,太短了来不及送三连
276,很不错诶，连副线的剧情 演员们颜值也在线
277,妈呀是高山流水
278,郭麒麟？
279,我小时候玩过，是弹珠
280,是，两位观看的那个
281,所以白伶只杀了村长，并没有杀村民
282,我发现我男女都喜欢，前提是长得好看
283,虐
284,这么低阶？还敢要人？
285,卧槽
286,是的
287,好样的
288,拍的好
289,现在谁还看电视剧啊
290,比那些电视剧好看多了
291,是的
292,质量这么高
293,世界上最可怕的就是人心。仙无忧无虑，不受世俗拘束。好比这个。究竟是谁错了？村民，有罪吗？
294,woc我也觉得像万茜&王子文
295,救尼玛救
296,好好的 你砸摄像机干什么
297,他能看到她，陪着她，而她看不到他啊……
298,吓死我了
299,这种质量up几个人做很正常，可以说很优秀了，但是有百万上亿投资的电视剧还这样就不应该了吧，太水了
300,祸害人
301,就个锤子
302,正道的光
303,干得漂亮
304,这长相吓死我了
305,这眼睛有点出戏啊
306,前面的，我也觉得
307,靠北！神像战五渣啊
308,干得漂亮！
309,滚啊臭男人
310,嘿嘿嘿
311,受苦也不能伤害别人啊，自己鲨村长就行了，
312,玻璃弹珠
313,神仙也一天一个苹果啊
314,前面的，有很多方法可以帮助她，又不得罪村长啊，比如资助她逃跑
315,？？？？？？？？？？？？？…？？？？？？？？？？？？？
316,天水的苹果，天水的人
317,手滑
318,他们就是该死啊
319,村口玩的玻璃珠。
320,弹珠
321,您是六臧菩萨的亲戚吧？
322,道士小姐姐的道具真多
323,拜托别给他这么多特写镜头
324,“它”指苹果
325,那女的给他送了苹果
326,村民不帮他也没问题，白灵报复他们也没问题。都没有问题。有问题的只是那个猥琐老村长。
327,好家伙 黑化了
328,专业事儿交给专业的人，有医生吗？没有啊，那没事儿了
329,真的，做网大可以，但可能过不了审
330,好水灵的姑娘
331,这个姐姐演技挺好的。比主演还好。
332,她怎么可能又附在村长身上要杀女主又亲自动手把村长杀了！肯定不是只有一只鬼！
333,破防了
334,无罪无罪
335,老家伙，把手给我拿开！！！
336,这个村子有点破败啊
337,恶心，好猥琐
338,好帅
339,什么，苹果吗
340,虐啊
341,破防了哭成狗
342,蓝胖子的口袋
343,我呸！你也配
344,百万特效！！！有没有制片人投资拍个电视剧 两女主真不错
345,你死吧
346,干得漂亮啊
347,死老头活该
348,。。
349,天水的苹果天水的人 想吃吗
350,说句实话，除了道具拉了亿点，演员还是挺好的，剧情也不错
351,救个锤子
352,干得漂亮
353,不救
354,什么也做不了
355,揍他，哈哈哈哈哈哈，这么白话的么
356,苹果可以脏一点，太干净了。演员擦这个细节很好。
357,真不如这里好看
358,国产剧早就不看了
359,石像的身材好好笑头好大
360,猥琐男
361,啊不知道为啥听橙光BGM好出戏啊
362,呸
363,单身的都可以认识下
364,这比某些影视剧演技还好啊
365,干得漂亮
366,波珠
367,我吃给你看吧！
368,玻璃珠
369,去spa
370,笑死我了神特么的不会救人哈哈哈哈哈哈
371,这剧情吊打现在的仙侠剧
372,好的对应前文，无能为力 袖手旁观
373,橘势大好
374,你不配
375,没成精不是实体，拦不住的
376,君子不救
377,这剧情都比一些剧有逻辑
378,好看
379,这小哥不比某些男主帅
380,拍得这么好质量这么高的短句为啥看的人不多呀
381,你也配
382,奇，奇耄
383, go away
384,握草握草握草
385,！殉情
386,多发弹幕
387,这个小姐姐可以当主角
388,苹果也很贵啊，经常供奉，日子比我好
389,好虐
390,弹珠
391,真实了
392,蹲金主爸爸投资
393,剧情好看啊比裹脚布电视剧好看
394,你小时候玩过能不亲切吗
395,你不要骗我 明明是一块钱10个的弹珠
396,百万特效！！！有没有制片人投资拍个电视剧 两女主真不错
397,有没有考虑最终合成一部电影上架网大啊质量很高
398,老不死的你也配
399,想握吉妹的手
400,亲亲抱抱举高高，吉妹可以做到哪样？
401,除了自己的亲人，其他人不可靠
402,它？苹果嘛？
403,我看到脖子上的吻痕了。。。
404,好样的
405,丧（干）心（得）病（漂）狂（亮）
406,前面的弹幕你别走哈哈哈哈哈哈哈哈
407,谁能想到石像和本人差距这么大
408,非是见死不救，实乃无能为力，哈哈
409,这不比真人版某大陆强doge
410,个人觉得善良也应该保自己的命吧何况非亲非故
411,玻璃弹珠
412,不救
413,爱是恒久忍耐，又是恩慈。爱是不嫉妒，爱是不自夸，不张狂。不做害羞的事，不求自己的益处。不轻易发怒。不计算人的恶。不喜欢不义，只喜欢真理。凡事包容，凡事相信，凡事盼望，凡事忍耐，爱是永不止息。
414,首页找来的，美女姐姐们嘿嘿嘿
415,发条弹幕证明我没白嫖
416,鞋子大了白伶姑娘
417,太虐了
418,救……个屁
419,神像喜欢那个女的？
420,笑拉了前面的弹幕
421,帅
422,比电视剧好看，演员演技比什么小鲜肉小仙女要好
423,发条弹幕增加人气
424,吉娃娃
425,干得漂亮
426,演技不错
427,我来了
428,干嘛呢干嘛呢
429,好好看
430,Bsp去死
431,漂亮
432,拜托前面的，这家伙被主角遇到才能动，跳井的时候也不过是有意识的灵体。
433,玻璃球
434,那么关键时刻你干什么去了
435,石像故意送死是想让她们就白伶
436,她再笑，是不是也再想自己解脱了
437,玻璃球
438,来自上甘岭的苹果
439,我以为你们把他的苹果拿走了，他来要回去
440,她不是一千
441,摸摸
442,破防了家人们
443,人不如鬼，鬼不如物，唉……
444,她在笑
445,摸个手而已，害羞啥
446,罪有应得
,弹幕
1,哈哈哈哈哈哈
2,哈哈哈哈哈
3,对也不对
4,不对，冷漠无
5,深海而居
6,世说，鲛人之语
7,白伶就是小芊问过了剧组人员
8,好一个没忍住！
9,BGM莫名觉得好熟悉
10,所以这是不是老奶奶想喝水的原因（瞎猜的）
11,哈哈哈你忍一忍？吴签前世？
12,好家伙，不给她看给我看是吧
13,沃德很大你忍一下
14,救命谁来给我挡挡，我也好害怕哇
15,救救我救救我
16,前面那个牛马笑死我了
17,哈哈哈哈哈哈这脚可以的
18,橙光BGM《山有木兮》
19,美滴很
20,突然悲伤
21,说起来，这个应该第一个领盒饭啊
22,不帮是本分，帮是情分
23,来了来了
24,本能捂脸我爱了
25,哈哈哈哈我也没忍住
26,这个捂眼我爱了
27,不对，冷漠无
28,对，自私无罪
29,不对，冷漠无
30,不对，冷漠无
31,对，自私无罪
32,对，自私无罪
33,不对，冷漠无
34,不对，冷漠无
35,不对，冷漠无
36,不对，冷漠无
37,不对，冷漠无
38,不对，冷漠无
39,对，自私无罪
40,不对，冷漠无
41,对，自私无罪
42,不对，冷漠无
43,哈哈哈哈哈好可爱
44,我差点以为他下一句是。。哈哈哈哈
45,哈哈哈哈哈这叫什么结合时事吗
46,世说～
47,哈哈哈哈哈哈哈
48,确实很好
49,我害怕我害怕
50,错的是村长又不是村民
51,不是啊
52,对啊演技好好
53,哦！山有木兮
54,哈哈哈哈哈哈哈哈哈哈！
55,点错了
56,白伶到底是不是小芊？
57,《她笑了》
58,哈哈哈哈哈哈
59,为什么我没有这么帅的姐姐
60,这是那村长吗
61,哈哈哈哈哈
62,这个标题真不错
63,同意红字
64,虽然错误依旧正确
65,点错了
66,点错
67,可怜的白伶
68,哈哈哈哈
69,44分钟，我太棒了
70,哈哈哈
71,哈哈哈哈
72,我喜欢这个标题
73,哈哈哈哈哈哈
74,哈哈哈哈哈哈哈哈哈
75,焯！按错了
76,山有木兮！
77,哈哈哈哈哈哈
78,点错了点错了。
79,哈哈哈哈哈
80,演技好好诶
81,白伶小姐姐也好看
82,重发合作没了？
83,这不是对错的问题
84,bgm是山有木兮！
85,姐姐我也怕
86,姐姐我也怕
87,鲛人
88,按错了！
89,山有木兮！！
90,忍一忍
91,BGM山有木兮
92,白伶不是幻塔里的吗？
93,哈哈哈哈哈哈哈哈
94,哈哈哈哈
95,手滑了
96,你忍一忍
97,怎么能这样不看给我看是吧
98,哈哈哈哈
99,啊啊啊啊点错了
100,好可爱
101,哈哈哈哈哈哈哈哈哈
102,这个是云芊传的妹妹吗
103,飒
104,半错半对吧
105,报复才是无罪的
106,哈哈哈好可爱啊
107,哈哈哈
108,这个小妹好看呀
109,芜湖
110,yyds的腿！
111,错的
112,在呢
113,哈哈哈哈哈哈哈
114,我的很大你忍一下
115,这标题……
116,村长吧不是？
117,村里的人能把她带大已经很好了。她大可以逃走
118,净完脑子也不剩下啥了
119,揍轻了，朝云怎么不多踹几脚
120,你可以不帮，但不能反过来做帮凶啊
121,拉手手
122,弹幕大军何在？？？给朕护体
123,老吉这表情有点搞笑啊
124,你在一旁看着，无所谓，但是你们不能助纣为虐
125,白伶的演员叫候呈h
126,别捧杀
127,我觉得红字说得不错，相对很多新人这个很不错了
128,红色吗，那你们完蛋了
129,村长
130,我的很大你忍一下（）
131,这个妹子也挺好看的
132,但虽然有点自私吧，但确实是已经仁至义尽。
133,对从小看着长大的村里孩子也能漠视她入火坑，告诉自己自私无罪吗
134,不要见啥都彻md啊真的很败好感的
135,济公？
136,啊这，村长惹不起，但跳井不拦一下吗
137,不让她看，让我们看哈，真就护自个老婆
138,这个，谁又知道呢？大道至公，他们已经仁至义尽了。
139,不让她看，让我们看哈
140,十脸嫌弃
141,诚哥结局
142,大晚上的，我为什么要看这种东西啊啊啊啊啊啊
143,他长的好吓人啊
144,大家已经仁至义尽了，人总会有自私的时候吧
145,我不李姐
146,大大滴花姑娘！
147,一蓝一红 自古红蓝出西皮
148,这个小姑娘就是那个鬼呗
149,我悟了，一直说渴是因为白伶跳进井中，冤魂在井处，所以水不能喝了是吗
150,有很多办法可以帮她，比如助她出村
151,人之常情罢了
152,花姑娘
153,那个女鬼应该就是她
154,前面的，国产偶像剧能看的确实只有脸
155,有什么对错，人之常情罢了
156,大叔你头套有点歪
157,我觉得白伶有点自私自利
158,我的很大，你忍一下
159,你在开玩笑的吧！
160,花你个头
161,忍啊，为什么不忍！都怕死是吧！直接 来吧！
162,这作死，真是一件美逝啊（doge
163,有点像草莓青
164,冤有头债有主，村民也不是推你进火坑的恶人
165,握草握草拦什么拦他应该死啊
166,这大叔演的真好，演的我都想踹他一脚
167,同意前面说的，自私无罪，但是帮凶有罪
168,淦，点错了
169,演技真强
170,这演技吊打一堆小鲜肉
171,ce了
172,对，自私无罪，所以死了活该
173,我要看！
174,配角演的真好
175,点错了，giao
176,自私无罪，但是不能做帮凶，村长要娶，让他自己来弄，帮忙架人性质就不一样了
177,说不帮是本分的人，希望你遇到困难的时候，只遇到这些本分的人。
178,弹幕这么少不科学
179,为人自保，没什么不对
180,虽然袖手旁观不对，但是封建社会，他们惹不起村长，如果真的有人帮了女生，村长只会杀了他们
181,那不是老人，那是老流氓！
182,做鬼也不放过你们!
183,how pay
184,女菩萨发发慈悲吧
185,那边，那个是王二狗吗
186,别眨眼
187,前方高能
188,这怎么说呢，感觉两个答案都不知道选谁，焯
189,嗯？弹幕什么情况
190,百合
191,好可怜
192,这演技不知道吊打多少电视剧(包括路人演技)
193,感觉像万茜
194,共情
195,我呸，吉姐是我的，阿泽也是我的，你个糟老头子滚一边去
196,这个姐长得跟有次看那个厕所区的姐姐好像
197,花姑凉
198,谁都不容易啊，村民也不敢对村长咋样，那个时候村长就是最大的官了，报仇找村长就行，干嘛牵扯其他人
199,踢的好
200,这满满的保护欲啊
201,还好意思说别人是狐狸精
202,我呸呸呸呸呸
203,这个人真的演技很好
204,？
205,不对，但自私无罪
206,尼玛点错了
207,我呸！你也呸！
208,盯妻狂魔哈哈哈哈哈
209,开幕捂眼我爱了
210,吉妹吉妹，吧唧一口亲上去
211,老不正经不需要尊重，还有这是在演戏
212,呸呸呸！休想吃豆腐
213,来了
214,体贴入微
215,确实很冷漠，但自私也没有错
216,怎么没人
217,我的很小你忍忍
218,对老人有点粗暴
219,。。。
220,呃
221,我呸，你也配呀！那是我媳妇儿
222,老公踹我
223,这女的演技不错
